blind_id,pmid,model,stratum,codex_verdict,verdict,substantive,max_severity,E,direction,E_normalization_status
HR-0001,18502269,aliyun/glm-5.2,random_10pct,strict_contract_error,no_error,no,0,,,explicit_no_code
HR-0002,25040985,aliyun/deepseek-v4-flash,census_sev_ge3,strict_contract_error,no_error,no,0,,,explicit_no_code
HR-0003,22268263,aliyun/qwen3.8-max,random_10pct,no_error,strict_contract_error,no,1,E03,alteration,parsed_declared_codes
HR-0004,32228577,aliyun/deepseek-v4-flash,random_10pct,strict_contract_error,strict_contract_error,no,1,E06,fabrication,parsed_declared_codes
HR-0005,21399532,aliyun/glm-5.2,random_10pct,strict_contract_error,strict_contract_error,no,1,E06,fabrication,parsed_declared_codes
HR-0006,40311690,aliyun/deepseek-v4-pro,random_10pct,strict_contract_error,strict_contract_error,no,1,E04,alteration,parsed_declared_codes
HR-0007,33283757,aliyun/kimi-k2.6,random_10pct,no_error,no_error,no,0,,,explicit_no_code
HR-0008,16773960,aliyun/qwen3.7-max,random_10pct,no_error,strict_contract_error,yes,1,E10,binding,parsed_declared_codes
HR-0009,25673191,aliyun/glm-5.2,random_10pct,strict_contract_error,no_error,no,0,,,explicit_no_code
HR-0010,16795068,aliyun/glm-5.2,random_10pct,no_error,strict_contract_error,no,1,E08,alteration,parsed_declared_codes
HR-0011,32971582,aliyun/kimi-k2.6,census_sev_ge3,strict_contract_error,strict_contract_error,no,2,"E03,E07",alteration,parsed_declared_codes
HR-0012,30525278,aliyun/kimi-k2.6,random_10pct,no_error,no_error,no,0,,,explicit_no_code
HR-0013,28530702,aliyun/deepseek-v4-pro,random_10pct,no_error,strict_contract_error,yes,1,E05,omission,parsed_declared_codes
HR-0014,16896641,aliyun/kimi-k2.6,census_sev_ge3,strict_contract_error,no_error,no,0,,,explicit_no_code
HR-0015,42304127,aliyun/deepseek-v4-pro,random_10pct,strict_contract_error,no_error,no,0,,,explicit_no_code
HR-0016,22804749,aliyun/kimi-k2.6,census_sev_ge3,strict_contract_error,strict_contract_error,no,2,E05,,parsed_declared_codes
HR-0017,25532570,aliyun/deepseek-v4-flash,random_10pct,strict_contract_error,strict_contract_error,yes,1,E08,alteration,parsed_declared_codes
HR-0018,22329370,aliyun/qwen3.7-max,census_sev_ge3,strict_contract_error,strict_contract_error,yes,2,E04,alteration,parsed_declared_codes
HR-0019,18160456,aliyun/deepseek-v4-flash,random_10pct,no_error,no_error,no,0,,,explicit_no_code
HR-0020,25488197,aliyun/deepseek-v4-flash,random_10pct,strict_contract_error,strict_contract_error,yes,1,"E03,E05","alteration,omission",parsed_declared_codes
HR-0021,18535592,aliyun/deepseek-v4-flash,random_10pct,strict_contract_error,strict_contract_error,yes,2,"E03,E10","alteration,binding",parsed_declared_codes
HR-0022,22736635,aliyun/qwen3.7-max,random_10pct,no_error,no_error,no,0,,,explicit_no_code
HR-0023,26634615,aliyun/deepseek-v4-pro,random_10pct,strict_contract_error,strict_contract_error,no,1,E06,fabrication,parsed_declared_codes
HR-0024,42149735,aliyun/kimi-k2.6,census_sev_ge3,strict_contract_error,strict_contract_error,yes,2,E06,fabrication,parsed_declared_codes
HR-0025,20492005,aliyun/kimi-k2.6,random_10pct,no_error,no_error,no,0,,,explicit_no_code
HR-0026,16759989,aliyun/qwen3.8-max,random_10pct,no_error,no_error,no,0,,,explicit_no_code
HR-0027,24762000,aliyun/deepseek-v4-flash,random_10pct,strict_contract_error,no_error,no,0,,,explicit_no_code
HR-0028,40471453,aliyun/qwen3.8-max,random_10pct,no_error,no_error,no,0,,,explicit_no_code
HR-0029,33221810,aliyun/glm-5.2,random_10pct,no_error,no_error,no,0,,,explicit_no_code
HR-0030,21067014,aliyun/glm-5.2,random_10pct,no_error,no_error,no,0,,,explicit_no_code
HR-0031,26391729,aliyun/qwen3.7-max,random_10pct,strict_contract_error,strict_contract_error,no,1,"E06,E10","fabrication,binding",parsed_declared_codes
HR-0032,21332566,aliyun/deepseek-v4-flash,random_10pct,strict_contract_error,strict_contract_error,yes,1,"E03,E05,E06","alteration,fabrication,omission",parsed_declared_codes
HR-0033,28766723,aliyun/deepseek-v4-flash,random_10pct,no_error,no_error,no,0,,,explicit_no_code
HR-0034,18184072,aliyun/deepseek-v4-flash,random_10pct,no_error,no_error,no,0,,,explicit_no_code
HR-0035,18478625,aliyun/qwen3.8-max,random_10pct,no_error,no_error,no,0,,,explicit_no_code
HR-0036,16940191,aliyun/kimi-k2.6,random_10pct,no_error,strict_contract_error,no,1,E06,fabrication,parsed_declared_codes
HR-0037,25814824,aliyun/qwen3.7-max,random_10pct,no_error,no_error,no,0,,,explicit_no_code
HR-0038,18753421,aliyun/deepseek-v4-flash,random_10pct,no_error,no_error,no,0,,,explicit_no_code
HR-0039,29256876,aliyun/glm-5.2,random_10pct,no_error,no_error,no,0,,,explicit_no_code
HR-0040,38381960,aliyun/qwen3.7-max,random_10pct,no_error,no_error,no,0,,,explicit_no_code
HR-0041,26856220,aliyun/qwen3.7-max,census_sev_ge3,strict_contract_error,strict_contract_error,yes,2,E06,fabrication,parsed_declared_codes
HR-0042,19357695,aliyun/deepseek-v4-flash,census_sev_ge3,strict_contract_error,strict_contract_error,yes,3,E08,alteration,parsed_declared_codes
HR-0043,28546546,aliyun/kimi-k2.6,random_10pct,no_error,no_error,no,0,,,explicit_no_code
HR-0044,29175799,aliyun/deepseek-v4-pro,random_10pct,no_error,no_error,no,0,,,explicit_no_code
HR-0045,26551298,aliyun/glm-5.2,random_10pct,no_error,no_error,no,0,,,explicit_no_code
HR-0046,33984862,aliyun/deepseek-v4-flash,random_10pct,no_error,no_error,no,0,,,explicit_no_code
HR-0047,38262129,aliyun/deepseek-v4-flash,random_10pct,no_error,no_error,no,0,,,explicit_no_code
HR-0048,33388644,aliyun/qwen3.8-max,random_10pct,no_error,no_error,no,0,,,explicit_no_code
HR-0049,24726441,aliyun/deepseek-v4-flash,random_10pct,no_error,no_error,no,0,,,explicit_no_code
HR-0050,21995559,aliyun/qwen3.7-max,random_10pct,no_error,no_error,no,0,,,explicit_no_code
HR-0051,27722893,aliyun/deepseek-v4-pro,random_10pct,no_error,no_error,no,0,,,explicit_no_code
HR-0052,34839048,aliyun/deepseek-v4-pro,random_10pct,no_error,no_error,no,0,,,explicit_no_code
HR-0053,32484448,aliyun/qwen3.7-max,random_10pct,no_error,no_error,no,0,,,explicit_no_code
HR-0054,37653357,aliyun/glm-5.2,random_10pct,no_error,no_error,no,0,,,explicit_no_code
HR-0055,22546820,aliyun/glm-5.2,random_10pct,no_error,no_error,no,0,,,explicit_no_code
HR-0056,19439456,aliyun/qwen3.8-max,random_10pct,no_error,no_error,no,0,,,explicit_no_code
HR-0057,23880570,aliyun/deepseek-v4-pro,census_sev_ge3,strict_contract_error,no_error,no,0,,,explicit_no_code
HR-0058,27957795,aliyun/kimi-k2.6,random_10pct,strict_contract_error,no_error,no,0,,,explicit_no_code
HR-0059,23971677,aliyun/deepseek-v4-pro,random_10pct,no_error,no_error,no,0,,,explicit_no_code
HR-0060,20642944,aliyun/kimi-k2.6,random_10pct,strict_contract_error,no_error,no,0,,,explicit_no_code
HR-0061,21273939,aliyun/deepseek-v4-flash,random_10pct,strict_contract_error,strict_contract_error,yes,1,"E05,E06","fabrication,omission",parsed_declared_codes
HR-0062,26730842,aliyun/glm-5.2,random_10pct,strict_contract_error,strict_contract_error,no,1,E10,binding,parsed_declared_codes
HR-0063,35914803,aliyun/deepseek-v4-flash,random_10pct,strict_contract_error,strict_contract_error,no,1,E06,fabrication,parsed_declared_codes
HR-0064,18820280,aliyun/deepseek-v4-flash,census_sev_ge3,strict_contract_error,strict_contract_error,yes,2,E07,alteration,parsed_declared_codes
HR-0065,27874837,aliyun/kimi-k2.6,random_10pct,no_error,strict_contract_error,no,1,E06,fabrication,parsed_declared_codes
HR-0066,18336730,aliyun/deepseek-v4-flash,random_10pct,strict_contract_error,strict_contract_error,no,1,E06,fabrication,parsed_declared_codes
HR-0067,26391729,aliyun/deepseek-v4-flash,random_10pct,strict_contract_error,strict_contract_error,no,1,"E05,E06,E07","alteration,fabrication,omission",parsed_declared_codes
HR-0068,18430196,aliyun/kimi-k2.6,random_10pct,strict_contract_error,no_error,no,0,,,explicit_no_code
HR-0069,22087841,aliyun/qwen3.7-max,random_10pct,strict_contract_error,strict_contract_error,no,1,E06,fabrication,parsed_declared_codes
HR-0070,20878324,aliyun/deepseek-v4-flash,random_10pct,strict_contract_error,strict_contract_error,yes,2,E05,omission,parsed_declared_codes
HR-0071,25193528,aliyun/qwen3.7-max,random_10pct,no_error,strict_contract_error,no,1,E06,fabrication,parsed_declared_codes
HR-0072,36731865,aliyun/deepseek-v4-pro,random_10pct,strict_contract_error,strict_contract_error,yes,2,E04,alteration,parsed_declared_codes
HR-0073,29203650,aliyun/glm-5.2,random_10pct,no_error,no_error,no,0,,,explicit_no_code
HR-0074,23520170,aliyun/deepseek-v4-pro,census_sev_ge3,strict_contract_error,no_error,no,0,,,explicit_no_code
HR-0075,22178250,aliyun/kimi-k2.6,random_10pct,no_error,no_error,no,0,,,explicit_no_code
HR-0076,42299478,aliyun/qwen3.7-max,random_10pct,no_error,no_error,no,0,,,explicit_no_code
HR-0077,41663160,aliyun/qwen3.7-max,random_10pct,strict_contract_error,strict_contract_error,no,1,E06,fabrication,parsed_declared_codes
HR-0078,31006009,aliyun/deepseek-v4-flash,random_10pct,strict_contract_error,strict_contract_error,no,1,E06,fabrication,parsed_declared_codes
HR-0079,24756987,aliyun/qwen3.8-max,random_10pct,no_error,no_error,no,0,,,explicit_no_code
HR-0080,21996202,aliyun/glm-5.2,random_10pct,strict_contract_error,no_error,no,0,,,explicit_no_code
HR-0081,16785337,aliyun/qwen3.8-max,random_10pct,strict_contract_error,strict_contract_error,no,1,E08,alteration,parsed_declared_codes
HR-0082,26861417,aliyun/deepseek-v4-flash,random_10pct,strict_contract_error,strict_contract_error,no,1,E06,fabrication,parsed_declared_codes
HR-0083,16830712,aliyun/kimi-k2.6,random_10pct,strict_contract_error,strict_contract_error,yes,2,"E03,E05","alteration,omission",parsed_declared_codes
HR-0084,21112921,aliyun/kimi-k2.6,random_10pct,no_error,no_error,no,0,,,explicit_no_code
HR-0085,21503747,aliyun/qwen3.8-max,random_10pct,strict_contract_error,strict_contract_error,no,1,E06,fabrication,parsed_declared_codes
HR-0086,25135724,aliyun/qwen3.8-max,random_10pct,no_error,no_error,no,0,,,explicit_no_code
HR-0087,27826741,aliyun/glm-5.2,random_10pct,strict_contract_error,strict_contract_error,no,1,E05,omission,parsed_declared_codes
HR-0088,24403474,aliyun/qwen3.7-max,random_10pct,strict_contract_error,strict_contract_error,no,1,E06,fabrication,parsed_declared_codes
HR-0089,25933722,aliyun/qwen3.8-max,random_10pct,no_error,no_error,no,0,,,explicit_no_code
HR-0090,28502131,aliyun/deepseek-v4-pro,random_10pct,strict_contract_error,no_error,no,0,,,explicit_no_code
HR-0091,42204710,aliyun/glm-5.2,random_10pct,strict_contract_error,no_error,no,0,,,explicit_no_code
HR-0092,23445569,aliyun/qwen3.7-max,random_10pct,no_error,no_error,no,0,,,explicit_no_code
HR-0093,16773960,aliyun/kimi-k2.6,random_10pct,no_error,no_error,no,0,,,explicit_no_code
HR-0094,36670229,aliyun/deepseek-v4-flash,random_10pct,no_error,strict_contract_error,no,1,E05,omission,parsed_declared_codes
HR-0095,32228577,aliyun/qwen3.8-max,random_10pct,no_error,no_error,no,0,,,explicit_no_code
HR-0096,32790581,aliyun/deepseek-v4-pro,random_10pct,strict_contract_error,strict_contract_error,no,1,E03,alteration,parsed_declared_codes
HR-0097,24290868,aliyun/deepseek-v4-flash,random_10pct,no_error,no_error,no,0,,,explicit_no_code
HR-0098,23082211,aliyun/kimi-k2.6,random_10pct,strict_contract_error,strict_contract_error,yes,2,E05,omission,parsed_declared_codes
HR-0099,34965524,aliyun/glm-5.2,random_10pct,strict_contract_error,no_error,no,0,,,explicit_no_code
HR-0100,26743983,aliyun/qwen3.7-max,random_10pct,strict_contract_error,strict_contract_error,yes,1,"E06,E10","binding,fabrication",parsed_declared_codes
HR-0101,35944871,aliyun/deepseek-v4-pro,random_10pct,no_error,no_error,no,0,,,explicit_no_code
HR-0102,22200915,aliyun/kimi-k2.6,random_10pct,strict_contract_error,strict_contract_error,no,1,E06,fabrication,parsed_declared_codes
HR-0103,39443545,aliyun/deepseek-v4-flash,random_10pct,no_error,no_error,no,0,,,explicit_no_code
HR-0104,21115620,aliyun/qwen3.8-max,random_10pct,no_error,no_error,no,0,,,explicit_no_code
HR-0105,24548580,aliyun/qwen3.8-max,random_10pct,no_error,no_error,no,0,,,explicit_no_code
HR-0106,33323473,aliyun/glm-5.2,random_10pct,strict_contract_error,strict_contract_error,no,1,E10,binding,parsed_declared_codes
HR-0107,21078068,aliyun/deepseek-v4-pro,random_10pct,strict_contract_error,strict_contract_error,no,2,E05,omission,parsed_declared_codes
HR-0108,26967543,aliyun/kimi-k2.6,random_10pct,no_error,no_error,no,0,,,explicit_no_code
HR-0109,19486788,aliyun/glm-5.2,random_10pct,strict_contract_error,no_error,no,0,,,explicit_no_code
HR-0110,18511439,aliyun/kimi-k2.6,random_10pct,strict_contract_error,strict_contract_error,yes,1,E05,omission,parsed_declared_codes
HR-0111,33422435,aliyun/qwen3.7-max,random_10pct,no_error,no_error,no,0,,,explicit_no_code
HR-0112,38310735,aliyun/kimi-k2.6,random_10pct,no_error,no_error,no,0,,,explicit_no_code
HR-0113,18216764,aliyun/glm-5.2,random_10pct,no_error,no_error,no,0,,,explicit_no_code
HR-0114,18341490,aliyun/deepseek-v4-flash,census_sev_ge3,strict_contract_error,no_error,no,0,,,explicit_no_code
HR-0115,20733445,aliyun/deepseek-v4-pro,random_10pct,strict_contract_error,strict_contract_error,no,1,E06,fabrication,parsed_declared_codes
HR-0116,19033371,aliyun/deepseek-v4-flash,random_10pct,strict_contract_error,strict_contract_error,yes,1,E05,omission,parsed_declared_codes
HR-0117,24008607,aliyun/glm-5.2,random_10pct,strict_contract_error,no_error,no,0,,,explicit_no_code
HR-0118,22108858,aliyun/deepseek-v4-pro,random_10pct,strict_contract_error,strict_contract_error,no,1,E06,fabrication,parsed_declared_codes
HR-0119,27722893,aliyun/kimi-k2.6,random_10pct,no_error,no_error,no,0,,,explicit_no_code
HR-0120,19336266,aliyun/kimi-k2.6,random_10pct,strict_contract_error,no_error,no,0,,,explicit_no_code
HR-0121,17030976,aliyun/kimi-k2.6,random_10pct,strict_contract_error,strict_contract_error,no,1,E10,binding,parsed_declared_codes
HR-0122,42507445,aliyun/glm-5.2,random_10pct,strict_contract_error,no_error,no,0,,,explicit_no_code
HR-0123,20631261,aliyun/kimi-k2.6,random_10pct,strict_contract_error,strict_contract_error,yes,1,E09,alteration,parsed_declared_codes
HR-0124,25781527,aliyun/kimi-k2.6,random_10pct,no_error,no_error,no,0,,,explicit_no_code
HR-0125,33685807,aliyun/deepseek-v4-pro,random_10pct,no_error,no_error,no,0,,,explicit_no_code
HR-0126,17536644,aliyun/qwen3.8-max,random_10pct,no_error,no_error,no,0,,,explicit_no_code
HR-0127,28552881,aliyun/deepseek-v4-flash,random_10pct,strict_contract_error,no_error,no,0,,,explicit_no_code
HR-0128,24582071,aliyun/kimi-k2.6,random_10pct,strict_contract_error,strict_contract_error,yes,2,E10,binding,parsed_declared_codes
HR-0129,30451582,aliyun/qwen3.8-max,random_10pct,no_error,no_error,no,0,,,explicit_no_code
HR-0130,19813774,aliyun/deepseek-v4-pro,census_sev_ge3,strict_contract_error,strict_contract_error,no,1,E07,alteration,parsed_declared_codes
HR-0131,24156628,aliyun/kimi-k2.6,random_10pct,no_error,no_error,no,0,,,explicit_no_code
HR-0132,24902022,aliyun/qwen3.8-max,random_10pct,strict_contract_error,strict_contract_error,yes,2,E01,alteration,parsed_declared_codes
HR-0133,20356594,aliyun/glm-5.2,random_10pct,no_error,no_error,no,0,,,explicit_no_code
HR-0134,19707112,aliyun/deepseek-v4-flash,random_10pct,strict_contract_error,strict_contract_error,yes,1,"E05,E06","fabrication,omission",parsed_declared_codes
HR-0135,19225206,aliyun/deepseek-v4-pro,random_10pct,no_error,no_error,no,0,,,explicit_no_code
HR-0136,26402643,aliyun/glm-5.2,random_10pct,strict_contract_error,strict_contract_error,no,1,E05,omission,parsed_declared_codes
HR-0137,19812061,aliyun/deepseek-v4-flash,random_10pct,strict_contract_error,strict_contract_error,yes,1,E05,omission,parsed_declared_codes
HR-0138,24801452,aliyun/deepseek-v4-flash,random_10pct,strict_contract_error,strict_contract_error,yes,2,E10,binding,parsed_declared_codes
HR-0139,27593528,aliyun/deepseek-v4-pro,random_10pct,strict_contract_error,strict_contract_error,no,1,E05,omission,parsed_declared_codes
HR-0140,20955266,aliyun/kimi-k2.6,random_10pct,strict_contract_error,no_error,no,0,,,explicit_no_code
HR-0141,26071404,aliyun/qwen3.7-max,random_10pct,strict_contract_error,no_error,no,0,,,explicit_no_code
HR-0142,41694524,aliyun/qwen3.8-max,random_10pct,no_error,no_error,no,0,,,explicit_no_code
HR-0143,22804749,aliyun/deepseek-v4-flash,census_sev_ge3,strict_contract_error,strict_contract_error,yes,2,E07,alteration,parsed_declared_codes
HR-0144,19100399,aliyun/kimi-k2.6,census_sev_ge3,strict_contract_error,strict_contract_error,yes,3,E06,fabrication,parsed_declared_codes
HR-0145,30012214,aliyun/qwen3.7-max,random_10pct,strict_contract_error,strict_contract_error,no,1,E06,fabrication,parsed_declared_codes
HR-0146,27550386,aliyun/qwen3.8-max,random_10pct,no_error,no_error,no,0,,,explicit_no_code
HR-0147,18084338,aliyun/kimi-k2.6,random_10pct,no_error,no_error,no,0,,,explicit_no_code
HR-0148,20007516,aliyun/qwen3.7-max,random_10pct,no_error,no_error,no,0,,,explicit_no_code
HR-0149,30172196,aliyun/glm-5.2,random_10pct,strict_contract_error,no_error,no,0,,,explicit_no_code
HR-0150,18166826,aliyun/deepseek-v4-pro,random_10pct,strict_contract_error,strict_contract_error,no,1,E06,fabrication,parsed_declared_codes
HR-0151,33728347,aliyun/qwen3.7-max,random_10pct,strict_contract_error,no_error,no,0,,,explicit_no_code
HR-0152,40133853,aliyun/deepseek-v4-pro,random_10pct,strict_contract_error,strict_contract_error,yes,2,"E06,E10","binding,fabrication",parsed_declared_codes
HR-0153,31240879,aliyun/kimi-k2.6,random_10pct,no_error,no_error,no,0,,,explicit_no_code
HR-0154,26610865,aliyun/kimi-k2.6,random_10pct,strict_contract_error,strict_contract_error,yes,1,E10,binding,parsed_declared_codes
HR-0155,30443983,aliyun/glm-5.2,random_10pct,no_error,no_error,no,0,,,explicit_no_code
HR-0156,23788756,aliyun/deepseek-v4-pro,random_10pct,no_error,no_error,no,0,,,explicit_no_code
HR-0157,37057787,aliyun/deepseek-v4-pro,census_sev_ge3,strict_contract_error,strict_contract_error,no,1,E07,alteration,parsed_declared_codes
HR-0158,27255222,aliyun/deepseek-v4-flash,random_10pct,strict_contract_error,no_error,no,0,,,explicit_no_code
HR-0159,16944256,aliyun/deepseek-v4-flash,census_sev_ge3,strict_contract_error,no_error,no,0,,,explicit_no_code
HR-0160,28325614,aliyun/qwen3.7-max,random_10pct,strict_contract_error,strict_contract_error,no,1,E05,omission,parsed_declared_codes
HR-0161,19390517,aliyun/deepseek-v4-flash,random_10pct,no_error,no_error,no,0,,,explicit_no_code
HR-0162,16769384,aliyun/deepseek-v4-pro,random_10pct,strict_contract_error,strict_contract_error,no,1,E05,omission,parsed_declared_codes
HR-0163,42126929,aliyun/kimi-k2.6,random_10pct,no_error,no_error,no,0,,,explicit_no_code
HR-0164,26415325,aliyun/qwen3.7-max,random_10pct,strict_contract_error,no_error,no,0,,,explicit_no_code
HR-0165,41007605,aliyun/qwen3.8-max,random_10pct,strict_contract_error,no_error,no,0,,,explicit_no_code
HR-0166,16533938,aliyun/kimi-k2.6,random_10pct,no_error,strict_contract_error,no,1,"E05,E08","alteration,omission",parsed_declared_codes
HR-0167,21087229,aliyun/deepseek-v4-flash,random_10pct,strict_contract_error,no_error,no,0,,,explicit_no_code
HR-0168,18336730,aliyun/glm-5.2,random_10pct,strict_contract_error,strict_contract_error,yes,2,E08,alteration,parsed_declared_codes
HR-0169,39834217,aliyun/deepseek-v4-flash,census_sev_ge3,strict_contract_error,strict_contract_error,yes,2,E06,fabrication,parsed_declared_codes
HR-0170,35383798,aliyun/deepseek-v4-pro,random_10pct,no_error,no_error,no,0,,,explicit_no_code
HR-0171,36331692,aliyun/deepseek-v4-pro,random_10pct,strict_contract_error,strict_contract_error,no,1,E05,omission,parsed_declared_codes
HR-0172,24395922,aliyun/qwen3.8-max,random_10pct,no_error,no_error,no,0,,,explicit_no_code
HR-0173,27187608,aliyun/qwen3.7-max,random_10pct,no_error,no_error,no,0,,,explicit_no_code
HR-0174,28780512,aliyun/deepseek-v4-flash,random_10pct,strict_contract_error,strict_contract_error,yes,1,"E05,E06,E10","binding,fabrication,omission",parsed_declared_codes
HR-0175,28847886,aliyun/deepseek-v4-flash,random_10pct,no_error,strict_contract_error,no,1,E05,omission,parsed_declared_codes
HR-0176,36441433,aliyun/qwen3.8-max,random_10pct,strict_contract_error,strict_contract_error,no,1,E06,fabrication,parsed_declared_codes
HR-0177,37591029,aliyun/glm-5.2,random_10pct,no_error,no_error,no,0,,,explicit_no_code
HR-0178,36053809,aliyun/glm-5.2,random_10pct,strict_contract_error,strict_contract_error,no,1,E05,omission,parsed_declared_codes
HR-0179,24296447,aliyun/deepseek-v4-flash,random_10pct,strict_contract_error,strict_contract_error,yes,1,E05,omission,parsed_declared_codes
HR-0180,38631235,aliyun/deepseek-v4-pro,random_10pct,no_error,no_error,no,0,,,explicit_no_code
HR-0181,35421008,aliyun/kimi-k2.6,random_10pct,no_error,no_error,no,0,,,explicit_no_code
HR-0182,36053809,aliyun/deepseek-v4-pro,random_10pct,no_error,strict_contract_error,no,1,E07,alteration,parsed_declared_codes
HR-0183,40908322,aliyun/deepseek-v4-pro,census_sev_ge3,strict_contract_error,no_error,no,0,,,explicit_no_code
HR-0184,29043600,aliyun/deepseek-v4-pro,random_10pct,no_error,strict_contract_error,no,1,E06,fabrication,parsed_declared_codes
HR-0185,20007516,aliyun/glm-5.2,random_10pct,strict_contract_error,no_error,no,0,,,explicit_no_code
HR-0186,22249647,aliyun/deepseek-v4-flash,census_sev_ge3,strict_contract_error,strict_contract_error,no,1,E10,binding,parsed_declared_codes
HR-0187,20368304,aliyun/qwen3.8-max,random_10pct,no_error,no_error,no,0,,,explicit_no_code
HR-0188,21079397,aliyun/kimi-k2.6,random_10pct,strict_contract_error,strict_contract_error,no,2,E06,fabrication,parsed_declared_codes
HR-0189,26336025,aliyun/glm-5.2,census_sev_ge3,strict_contract_error,strict_contract_error,no,2,E07,alteration,parsed_declared_codes
HR-0190,19067404,aliyun/deepseek-v4-flash,census_sev_ge3,strict_contract_error,no_error,no,0,,,explicit_no_code
HR-0191,31308208,aliyun/qwen3.8-max,random_10pct,no_error,no_error,no,0,,,explicit_no_code
HR-0192,31866239,aliyun/deepseek-v4-pro,random_10pct,no_error,no_error,no,0,,,explicit_no_code
HR-0193,20828851,aliyun/deepseek-v4-flash,random_10pct,strict_contract_error,strict_contract_error,no,1,E06,fabrication,parsed_declared_codes
HR-0194,18511439,aliyun/qwen3.8-max,random_10pct,no_error,no_error,no,0,,,explicit_no_code
HR-0195,31139182,aliyun/glm-5.2,random_10pct,strict_contract_error,no_error,no,0,,,explicit_no_code
HR-0196,23611640,aliyun/qwen3.7-max,random_10pct,no_error,no_error,no,0,,,explicit_no_code
HR-0197,23305454,aliyun/glm-5.2,random_10pct,no_error,no_error,no,0,,,explicit_no_code
HR-0198,16989706,aliyun/qwen3.8-max,random_10pct,no_error,no_error,no,0,,,explicit_no_code
HR-0199,35457582,aliyun/deepseek-v4-flash,random_10pct,strict_contract_error,no_error,no,0,,,explicit_no_code
HR-0200,18295412,aliyun/deepseek-v4-pro,random_10pct,no_error,no_error,no,0,,,explicit_no_code
HR-0201,23288160,aliyun/kimi-k2.6,random_10pct,strict_contract_error,no_error,no,0,,,explicit_no_code
HR-0202,39090195,aliyun/kimi-k2.6,random_10pct,strict_contract_error,strict_contract_error,no,1,"E05,E06","fabrication,omission",parsed_declared_codes
HR-0203,41081106,aliyun/deepseek-v4-flash,census_sev_ge3,strict_contract_error,strict_contract_error,no,1,E09,alteration,parsed_declared_codes
HR-0204,21722610,aliyun/glm-5.2,random_10pct,no_error,no_error,no,0,,,explicit_no_code
HR-0205,33728347,aliyun/kimi-k2.6,random_10pct,strict_contract_error,no_error,no,0,,,explicit_no_code
HR-0206,34529554,aliyun/qwen3.8-max,random_10pct,no_error,no_error,no,0,,,explicit_no_code
HR-0207,42469991,aliyun/deepseek-v4-pro,random_10pct,no_error,no_error,no,0,,,explicit_no_code
HR-0208,25636811,aliyun/qwen3.8-max,random_10pct,no_error,no_error,no,0,,,explicit_no_code
HR-0209,41913103,aliyun/qwen3.8-max,random_10pct,no_error,no_error,no,0,,,explicit_no_code
HR-0210,19309724,aliyun/glm-5.2,random_10pct,strict_contract_error,no_error,no,0,,,explicit_no_code
HR-0211,38671217,aliyun/qwen3.8-max,random_10pct,no_error,no_error,no,0,,,explicit_no_code
HR-0212,16932830,aliyun/deepseek-v4-flash,random_10pct,strict_contract_error,strict_contract_error,no,1,E05,omission,parsed_declared_codes
HR-0213,32883514,aliyun/glm-5.2,random_10pct,strict_contract_error,strict_contract_error,no,1,E06,fabrication,parsed_declared_codes
HR-0214,17691593,aliyun/qwen3.7-max,random_10pct,strict_contract_error,no_error,no,0,,,explicit_no_code
HR-0215,26171883,aliyun/deepseek-v4-pro,random_10pct,strict_contract_error,strict_contract_error,no,1,"E06,E10","fabrication,binding",parsed_declared_codes
HR-0216,34560136,aliyun/qwen3.7-max,random_10pct,strict_contract_error,no_error,no,0,,,explicit_no_code
HR-0217,36048745,aliyun/deepseek-v4-pro,random_10pct,no_error,no_error,no,0,,,explicit_no_code
HR-0218,42512870,aliyun/qwen3.8-max,random_10pct,no_error,no_error,no,0,,,explicit_no_code
HR-0219,40982282,aliyun/deepseek-v4-pro,random_10pct,strict_contract_error,strict_contract_error,yes,2,"E05,E06,E10","fabrication,omission,binding",parsed_declared_codes
HR-0220,24448756,aliyun/qwen3.7-max,random_10pct,no_error,no_error,no,0,,,explicit_no_code
HR-0221,30971773,aliyun/kimi-k2.6,random_10pct,no_error,no_error,no,0,,,explicit_no_code
HR-0222,33336475,aliyun/qwen3.8-max,random_10pct,no_error,no_error,no,0,,,explicit_no_code
HR-0223,18091416,aliyun/deepseek-v4-pro,random_10pct,strict_contract_error,strict_contract_error,no,1,E06,fabrication,parsed_declared_codes
HR-0224,23139259,aliyun/glm-5.2,random_10pct,no_error,no_error,no,0,,,explicit_no_code
HR-0225,31861969,aliyun/kimi-k2.6,random_10pct,strict_contract_error,strict_contract_error,no,1,E06,fabrication,parsed_declared_codes
HR-0226,36178302,aliyun/glm-5.2,random_10pct,no_error,no_error,no,0,,,explicit_no_code
HR-0227,27143107,aliyun/deepseek-v4-flash,census_sev_ge3,strict_contract_error,strict_contract_error,yes,2,E06,fabrication,parsed_declared_codes
HR-0228,26743983,aliyun/deepseek-v4-pro,random_10pct,strict_contract_error,strict_contract_error,yes,2,E10,binding,parsed_declared_codes
HR-0229,41643052,aliyun/qwen3.8-max,random_10pct,strict_contract_error,strict_contract_error,no,1,E06,fabrication,parsed_declared_codes
HR-0230,16549139,aliyun/kimi-k2.6,random_10pct,strict_contract_error,no_error,no,0,,,explicit_no_code
HR-0231,33388038,aliyun/deepseek-v4-pro,random_10pct,strict_contract_error,strict_contract_error,no,1,E06,fabrication,parsed_declared_codes
HR-0232,31166967,aliyun/qwen3.7-max,random_10pct,strict_contract_error,strict_contract_error,no,1,E06,fabrication,parsed_declared_codes
HR-0233,19100399,aliyun/deepseek-v4-flash,census_sev_ge3,strict_contract_error,strict_contract_error,yes,2,E10,binding,parsed_declared_codes
HR-0234,18941890,aliyun/glm-5.2,random_10pct,strict_contract_error,strict_contract_error,no,1,E06,fabrication,parsed_declared_codes
HR-0235,21503747,aliyun/glm-5.2,random_10pct,strict_contract_error,strict_contract_error,no,1,E06,fabrication,parsed_declared_codes
HR-0236,23305454,aliyun/qwen3.8-max,random_10pct,no_error,no_error,no,0,,,explicit_no_code
HR-0237,29943271,aliyun/qwen3.7-max,census_sev_ge3,strict_contract_error,strict_contract_error,yes,3,E05,omission,parsed_declared_codes
HR-0238,32484448,aliyun/qwen3.8-max,random_10pct,no_error,no_error,no,0,,,explicit_no_code
HR-0239,35760370,aliyun/qwen3.7-max,random_10pct,strict_contract_error,strict_contract_error,no,1,E06,fabrication,parsed_declared_codes
HR-0240,20971212,aliyun/glm-5.2,random_10pct,strict_contract_error,strict_contract_error,no,1,"E06,E10","binding,fabrication",parsed_declared_codes
HR-0241,19185560,aliyun/qwen3.7-max,random_10pct,strict_contract_error,strict_contract_error,no,1,E06,fabrication,parsed_declared_codes
HR-0242,17010741,aliyun/glm-5.2,random_10pct,no_error,no_error,no,0,,,explicit_no_code
HR-0243,33861472,aliyun/deepseek-v4-pro,random_10pct,no_error,no_error,no,0,,,explicit_no_code
HR-0244,30596718,aliyun/qwen3.7-max,random_10pct,no_error,no_error,no,0,,,explicit_no_code
HR-0245,30699418,aliyun/kimi-k2.6,random_10pct,no_error,no_error,no,0,,,explicit_no_code
HR-0246,25193528,aliyun/glm-5.2,random_10pct,strict_contract_error,no_error,no,0,,,explicit_no_code
HR-0247,26540134,aliyun/qwen3.7-max,random_10pct,strict_contract_error,strict_contract_error,no,1,E06,fabrication,parsed_declared_codes
HR-0248,16826028,aliyun/qwen3.8-max,random_10pct,strict_contract_error,no_error,no,0,,,explicit_no_code
HR-0249,42126929,aliyun/qwen3.8-max,random_10pct,no_error,no_error,no,0,,,explicit_no_code
HR-0250,37409838,aliyun/deepseek-v4-pro,random_10pct,no_error,no_error,no,0,,,explicit_no_code
HR-0251,31647132,aliyun/glm-5.2,random_10pct,no_error,no_error,no,0,,,explicit_no_code
HR-0252,21112921,aliyun/qwen3.7-max,random_10pct,strict_contract_error,strict_contract_error,no,1,E06,fabrication,parsed_declared_codes
HR-0253,18405945,aliyun/qwen3.8-max,random_10pct,strict_contract_error,strict_contract_error,no,1,E06,fabrication,parsed_declared_codes
HR-0254,23109506,aliyun/qwen3.8-max,random_10pct,strict_contract_error,strict_contract_error,no,1,E06,fabrication,parsed_declared_codes
HR-0255,19232026,aliyun/kimi-k2.6,random_10pct,no_error,no_error,no,0,,,explicit_no_code
HR-0256,28833311,aliyun/deepseek-v4-flash,random_10pct,no_error,no_error,no,0,,,explicit_no_code
HR-0257,17536644,aliyun/qwen3.7-max,random_10pct,no_error,no_error,no,0,,,explicit_no_code
HR-0258,35534202,aliyun/glm-5.2,random_10pct,no_error,no_error,no,0,,,explicit_no_code
HR-0259,41920897,aliyun/qwen3.7-max,random_10pct,no_error,strict_contract_error,no,1,E06,fabrication,parsed_declared_codes
HR-0260,28147350,aliyun/deepseek-v4-flash,census_sev_ge3,strict_contract_error,strict_contract_error,yes,2,E05,omission,parsed_declared_codes
HR-0261,25366730,aliyun/kimi-k2.6,random_10pct,strict_contract_error,no_error,no,0,,,explicit_no_code
HR-0262,36188426,aliyun/deepseek-v4-pro,random_10pct,strict_contract_error,no_error,no,0,,,explicit_no_code
HR-0263,28341262,aliyun/qwen3.8-max,random_10pct,no_error,no_error,no,0,,,explicit_no_code
HR-0264,39693929,aliyun/glm-5.2,random_10pct,no_error,no_error,no,0,,,explicit_no_code
HR-0265,31642779,aliyun/qwen3.7-max,random_10pct,no_error,no_error,no,0,,,explicit_no_code
HR-0266,19494205,aliyun/qwen3.8-max,random_10pct,no_error,no_error,no,0,,,explicit_no_code
HR-0267,40293460,aliyun/glm-5.2,random_10pct,no_error,no_error,no,0,,,explicit_no_code
HR-0268,22509775,aliyun/kimi-k2.6,census_sev_ge3,strict_contract_error,strict_contract_error,yes,2,E04,alteration,parsed_declared_codes
HR-0269,30983505,aliyun/deepseek-v4-pro,random_10pct,strict_contract_error,strict_contract_error,no,1,E08,alteration,parsed_declared_codes
HR-0270,34839048,aliyun/kimi-k2.6,random_10pct,no_error,no_error,no,0,,,explicit_no_code
HR-0271,34848131,aliyun/deepseek-v4-pro,random_10pct,strict_contract_error,no_error,no,0,,,explicit_no_code
HR-0272,22865016,aliyun/kimi-k2.6,random_10pct,strict_contract_error,strict_contract_error,yes,1,"E05,E06","fabrication,omission",parsed_declared_codes
HR-0273,34543098,aliyun/glm-5.2,random_10pct,strict_contract_error,strict_contract_error,no,1,E06,fabrication,parsed_declared_codes
HR-0274,22876543,aliyun/glm-5.2,random_10pct,no_error,no_error,no,0,,,explicit_no_code
HR-0275,39038363,aliyun/kimi-k2.6,random_10pct,no_error,no_error,no,0,,,explicit_no_code
HR-0276,28733700,aliyun/qwen3.7-max,census_sev_ge3,strict_contract_error,no_error,no,0,,,explicit_no_code
HR-0277,28605143,aliyun/deepseek-v4-pro,random_10pct,strict_contract_error,strict_contract_error,yes,2,E06,fabrication,parsed_declared_codes
HR-0278,19425875,aliyun/qwen3.7-max,random_10pct,no_error,no_error,no,0,,,explicit_no_code
HR-0279,22200915,aliyun/deepseek-v4-pro,random_10pct,strict_contract_error,strict_contract_error,yes,2,"E06,E09,E10","alteration,fabrication,binding",parsed_declared_codes
HR-0280,19273678,aliyun/glm-5.2,census_sev_ge3,strict_contract_error,no_error,no,0,,,explicit_no_code
HR-0281,25595045,aliyun/qwen3.8-max,random_10pct,strict_contract_error,strict_contract_error,no,1,E07,alteration,parsed_declared_codes
HR-0282,36053638,aliyun/qwen3.8-max,random_10pct,no_error,no_error,no,0,,,explicit_no_code
HR-0283,33461926,aliyun/deepseek-v4-pro,random_10pct,no_error,no_error,no,0,,,explicit_no_code
HR-0284,38762324,aliyun/qwen3.7-max,random_10pct,no_error,no_error,no,0,,,explicit_no_code
HR-0285,25937001,aliyun/kimi-k2.6,random_10pct,no_error,no_error,no,0,,,explicit_no_code
HR-0286,34773606,aliyun/kimi-k2.6,random_10pct,no_error,no_error,no,0,,,explicit_no_code
HR-0287,19538732,aliyun/kimi-k2.6,random_10pct,strict_contract_error,strict_contract_error,no,1,E10,binding,parsed_declared_codes
HR-0288,22804749,aliyun/qwen3.7-max,random_10pct,no_error,strict_contract_error,yes,1,E03,alteration,parsed_declared_codes
HR-0289,24393424,aliyun/glm-5.2,random_10pct,strict_contract_error,strict_contract_error,no,1,E06,fabrication,parsed_declared_codes
HR-0290,31166967,aliyun/qwen3.8-max,random_10pct,no_error,no_error,no,0,,,explicit_no_code
HR-0291,28573765,aliyun/deepseek-v4-pro,random_10pct,strict_contract_error,strict_contract_error,yes,1,E05,omission,parsed_declared_codes
HR-0292,20583124,aliyun/deepseek-v4-flash,random_10pct,strict_contract_error,strict_contract_error,yes,2,"E03,E04",alteration,parsed_declared_codes
HR-0293,31442786,aliyun/deepseek-v4-pro,random_10pct,strict_contract_error,strict_contract_error,yes,1,"E05,E09","alteration,omission",parsed_declared_codes
HR-0294,22736635,aliyun/qwen3.8-max,random_10pct,no_error,no_error,no,0,,,explicit_no_code
HR-0295,32698860,aliyun/qwen3.8-max,random_10pct,strict_contract_error,no_error,no,0,,,explicit_no_code
HR-0296,31625707,aliyun/deepseek-v4-flash,random_10pct,strict_contract_error,strict_contract_error,no,1,E06,fabrication,parsed_declared_codes
HR-0297,31612540,aliyun/glm-5.2,random_10pct,no_error,strict_contract_error,no,1,E05,omission,parsed_declared_codes
HR-0298,26551298,aliyun/qwen3.8-max,random_10pct,no_error,no_error,no,0,,,explicit_no_code
HR-0299,22816599,aliyun/kimi-k2.6,random_10pct,strict_contract_error,no_error,no,0,,,explicit_no_code
HR-0300,18063832,aliyun/glm-5.2,random_10pct,no_error,strict_contract_error,no,1,E06,fabrication,parsed_declared_codes
HR-0301,16908901,aliyun/qwen3.7-max,random_10pct,strict_contract_error,strict_contract_error,no,1,E05,omission,parsed_declared_codes
HR-0302,34543098,aliyun/qwen3.8-max,random_10pct,no_error,no_error,no,0,,,explicit_no_code
HR-0303,37603978,aliyun/qwen3.8-max,random_10pct,no_error,no_error,no,0,,,explicit_no_code
HR-0304,30983505,aliyun/qwen3.7-max,random_10pct,strict_contract_error,no_error,no,0,,,explicit_no_code
HR-0305,32057715,aliyun/deepseek-v4-flash,census_sev_ge3,strict_contract_error,strict_contract_error,yes,2,"E03,E05",,parsed_declared_codes
HR-0306,16760502,aliyun/qwen3.7-max,census_sev_ge3,strict_contract_error,no_error,no,0,,,explicit_no_code
HR-0307,25102087,aliyun/deepseek-v4-flash,random_10pct,no_error,no_error,no,0,,,explicit_no_code
HR-0308,20002243,aliyun/deepseek-v4-pro,random_10pct,strict_contract_error,strict_contract_error,no,1,E06,fabrication,parsed_declared_codes
HR-0309,32798344,aliyun/kimi-k2.6,random_10pct,no_error,no_error,no,0,,,explicit_no_code
HR-0310,39633899,aliyun/deepseek-v4-pro,random_10pct,strict_contract_error,strict_contract_error,no,1,E06,fabrication,parsed_declared_codes
HR-0311,22804749,aliyun/glm-5.2,random_10pct,no_error,no_error,no,0,,,explicit_no_code
HR-0312,37678881,aliyun/deepseek-v4-flash,random_10pct,strict_contract_error,strict_contract_error,no,1,E05,omission,parsed_declared_codes
HR-0313,34126648,aliyun/deepseek-v4-pro,random_10pct,no_error,strict_contract_error,no,1,E06,fabrication,parsed_declared_codes
HR-0314,23039321,aliyun/qwen3.8-max,random_10pct,no_error,no_error,no,0,,,explicit_no_code
HR-0315,21078068,aliyun/qwen3.7-max,random_10pct,no_error,no_error,no,0,,,explicit_no_code
HR-0316,19538732,aliyun/deepseek-v4-pro,random_10pct,no_error,no_error,no,0,,,explicit_no_code
HR-0317,19200272,aliyun/qwen3.8-max,random_10pct,strict_contract_error,strict_contract_error,no,1,E06,fabrication,parsed_declared_codes
HR-0318,33183800,aliyun/deepseek-v4-flash,random_10pct,no_error,no_error,no,0,,,explicit_no_code
HR-0319,33897615,aliyun/qwen3.7-max,random_10pct,no_error,no_error,no,0,,,explicit_no_code
HR-0320,41091793,aliyun/qwen3.8-max,random_10pct,no_error,no_error,no,0,,,explicit_no_code
HR-0321,25319771,aliyun/deepseek-v4-pro,random_10pct,no_error,no_error,no,0,,,explicit_no_code
HR-0322,24393424,aliyun/qwen3.7-max,random_10pct,strict_contract_error,no_error,no,0,,,explicit_no_code
HR-0323,16549139,aliyun/glm-5.2,random_10pct,no_error,no_error,no,0,,,explicit_no_code
HR-0324,40029938,aliyun/qwen3.8-max,random_10pct,no_error,no_error,no,0,,,explicit_no_code
HR-0325,32102641,aliyun/qwen3.8-max,random_10pct,no_error,no_error,no,0,,,explicit_no_code
HR-0326,20586113,aliyun/qwen3.7-max,random_10pct,no_error,no_error,no,0,,,explicit_no_code
HR-0327,40510489,aliyun/deepseek-v4-pro,random_10pct,strict_contract_error,strict_contract_error,yes,2,"E05,E07","alteration,omission",parsed_declared_codes
HR-0328,40992785,aliyun/qwen3.8-max,random_10pct,strict_contract_error,strict_contract_error,no,1,E06,fabrication,parsed_declared_codes
HR-0329,22644091,aliyun/deepseek-v4-flash,census_sev_ge3,strict_contract_error,no_error,no,0,,,explicit_no_code
HR-0330,23109506,aliyun/qwen3.7-max,random_10pct,strict_contract_error,strict_contract_error,no,1,E06,fabrication,parsed_declared_codes
HR-0331,18184522,aliyun/deepseek-v4-flash,random_10pct,strict_contract_error,no_error,no,0,,,explicit_no_code
HR-0332,25193692,aliyun/qwen3.8-max,random_10pct,no_error,no_error,no,0,,,explicit_no_code
HR-0333,25128441,aliyun/qwen3.7-max,random_10pct,no_error,strict_contract_error,no,1,E10,binding,parsed_declared_codes
HR-0334,26286586,aliyun/deepseek-v4-flash,random_10pct,no_error,no_error,no,0,,,explicit_no_code
HR-0335,30232687,aliyun/kimi-k2.6,census_sev_ge3,strict_contract_error,no_error,no,0,,,explicit_no_code
HR-0336,25924705,aliyun/qwen3.7-max,random_10pct,no_error,no_error,no,0,,,explicit_no_code
HR-0337,38674880,aliyun/deepseek-v4-flash,random_10pct,no_error,no_error,no,0,,,explicit_no_code
HR-0338,20025646,aliyun/qwen3.8-max,random_10pct,no_error,no_error,no,0,,,explicit_no_code
HR-0339,27367452,aliyun/deepseek-v4-pro,random_10pct,strict_contract_error,strict_contract_error,yes,1,E05,omission,parsed_declared_codes
HR-0340,24523584,aliyun/deepseek-v4-flash,random_10pct,strict_contract_error,no_error,no,0,,,explicit_no_code
HR-0341,33426837,aliyun/kimi-k2.6,random_10pct,no_error,no_error,no,0,,,explicit_no_code
HR-0342,21036535,aliyun/kimi-k2.6,random_10pct,no_error,no_error,no,0,,,explicit_no_code
HR-0343,34126648,aliyun/deepseek-v4-flash,random_10pct,no_error,no_error,no,0,,,explicit_no_code
HR-0344,17728183,aliyun/deepseek-v4-flash,random_10pct,strict_contract_error,strict_contract_error,yes,1,"E05,E06,E08","alteration,fabrication,omission",parsed_declared_codes
HR-0345,41397888,aliyun/kimi-k2.6,random_10pct,strict_contract_error,no_error,no,0,,,explicit_no_code
HR-0346,17552288,aliyun/kimi-k2.6,random_10pct,no_error,no_error,no,0,,,explicit_no_code
HR-0347,30722007,aliyun/qwen3.7-max,random_10pct,no_error,no_error,no,0,,,explicit_no_code
HR-0348,18160456,aliyun/qwen3.8-max,random_10pct,no_error,no_error,no,0,,,explicit_no_code
HR-0349,33388038,aliyun/glm-5.2,random_10pct,strict_contract_error,strict_contract_error,no,1,E06,fabrication,parsed_declared_codes
HR-0350,27889307,aliyun/deepseek-v4-pro,random_10pct,strict_contract_error,strict_contract_error,no,1,E06,fabrication,parsed_declared_codes
HR-0351,30762781,aliyun/deepseek-v4-pro,random_10pct,strict_contract_error,no_error,no,0,,,explicit_no_code
HR-0352,33422435,aliyun/qwen3.8-max,random_10pct,no_error,no_error,no,0,,,explicit_no_code
HR-0353,27321438,aliyun/qwen3.7-max,random_10pct,strict_contract_error,no_error,no,0,,,explicit_no_code
HR-0354,23326992,aliyun/kimi-k2.6,random_10pct,no_error,no_error,no,0,,,explicit_no_code
HR-0355,18466198,aliyun/deepseek-v4-flash,random_10pct,strict_contract_error,strict_contract_error,yes,1,"E05,E06","fabrication,omission",parsed_declared_codes
HR-0356,32605878,aliyun/kimi-k2.6,random_10pct,no_error,strict_contract_error,yes,1,E05,omission,parsed_declared_codes
HR-0357,23109506,aliyun/glm-5.2,random_10pct,strict_contract_error,strict_contract_error,no,1,E06,fabrication,parsed_declared_codes
HR-0358,33685807,aliyun/glm-5.2,random_10pct,no_error,no_error,no,0,,,explicit_no_code
HR-0359,20624257,aliyun/deepseek-v4-flash,census_sev_ge3,strict_contract_error,strict_contract_error,yes,2,E07,alteration,parsed_declared_codes
HR-0360,22545131,aliyun/deepseek-v4-flash,random_10pct,no_error,no_error,no,0,,,explicit_no_code
HR-0361,33027423,aliyun/deepseek-v4-flash,random_10pct,strict_contract_error,strict_contract_error,no,1,E06,fabrication,parsed_declared_codes
HR-0362,26325258,aliyun/qwen3.8-max,random_10pct,strict_contract_error,strict_contract_error,no,1,E06,fabrication,parsed_declared_codes
HR-0363,22102705,aliyun/qwen3.8-max,random_10pct,strict_contract_error,strict_contract_error,no,1,E06,fabrication,parsed_declared_codes
HR-0364,34755324,aliyun/qwen3.8-max,random_10pct,strict_contract_error,strict_contract_error,no,1,E06,fabrication,parsed_declared_codes
HR-0365,20236550,aliyun/deepseek-v4-flash,random_10pct,strict_contract_error,strict_contract_error,yes,1,E05,omission,parsed_declared_codes
HR-0366,24403474,aliyun/glm-5.2,random_10pct,strict_contract_error,strict_contract_error,no,1,E06,fabrication,parsed_declared_codes
HR-0367,20061982,aliyun/deepseek-v4-pro,random_10pct,strict_contract_error,strict_contract_error,yes,1,E05,omission,parsed_declared_codes
HR-0368,37653357,aliyun/deepseek-v4-flash,census_sev_ge3,strict_contract_error,strict_contract_error,yes,2,E07,alteration,parsed_declared_codes
HR-0369,32195649,aliyun/glm-5.2,random_10pct,no_error,no_error,no,0,,,explicit_no_code
HR-0370,34432850,aliyun/deepseek-v4-flash,random_10pct,strict_contract_error,no_error,no,0,,,explicit_no_code
HR-0371,21070297,aliyun/qwen3.8-max,random_10pct,no_error,no_error,no,0,,,explicit_no_code
HR-0372,35690364,aliyun/qwen3.8-max,random_10pct,no_error,no_error,no,0,,,explicit_no_code
HR-0373,31198075,aliyun/deepseek-v4-flash,random_10pct,no_error,no_error,no,0,,,explicit_no_code
HR-0374,25604769,aliyun/qwen3.7-max,random_10pct,strict_contract_error,strict_contract_error,no,1,E09,alteration,parsed_declared_codes
HR-0375,19486788,aliyun/deepseek-v4-pro,random_10pct,no_error,no_error,no,0,,,explicit_no_code
HR-0376,31311177,aliyun/deepseek-v4-flash,random_10pct,strict_contract_error,no_error,no,0,,,explicit_no_code
HR-0377,16908901,aliyun/deepseek-v4-pro,random_10pct,strict_contract_error,strict_contract_error,yes,1,E05,omission,parsed_declared_codes
HR-0378,20002243,aliyun/kimi-k2.6,random_10pct,no_error,no_error,no,0,,,explicit_no_code
HR-0379,38657752,aliyun/glm-5.2,random_10pct,no_error,no_error,no,0,,,explicit_no_code
HR-0380,40311690,aliyun/qwen3.7-max,random_10pct,no_error,no_error,no,0,,,explicit_no_code
HR-0381,30973905,aliyun/glm-5.2,random_10pct,strict_contract_error,no_error,no,0,,,explicit_no_code
HR-0382,39718496,aliyun/qwen3.7-max,random_10pct,no_error,strict_contract_error,yes,1,E08,alteration,parsed_declared_codes
HR-0383,21067014,aliyun/qwen3.7-max,random_10pct,no_error,strict_contract_error,no,1,E05,omission,parsed_declared_codes
HR-0384,34160666,aliyun/deepseek-v4-flash,random_10pct,no_error,no_error,no,0,,,explicit_no_code
HR-0385,27564409,aliyun/deepseek-v4-flash,census_sev_ge3,strict_contract_error,strict_contract_error,yes,3,E05,omission,parsed_declared_codes
HR-0386,23039321,aliyun/glm-5.2,random_10pct,strict_contract_error,no_error,no,0,,,explicit_no_code
HR-0387,31300826,aliyun/glm-5.2,random_10pct,no_error,no_error,no,0,,,explicit_no_code
HR-0388,26078255,aliyun/deepseek-v4-pro,random_10pct,strict_contract_error,strict_contract_error,no,1,E06,fabrication,parsed_declared_codes
HR-0389,34836977,aliyun/deepseek-v4-pro,random_10pct,strict_contract_error,strict_contract_error,no,1,E07,alteration,parsed_declared_codes
HR-0390,21112921,aliyun/deepseek-v4-flash,random_10pct,no_error,no_error,no,0,,,explicit_no_code
HR-0391,33483960,aliyun/qwen3.8-max,random_10pct,no_error,no_error,no,0,,,explicit_no_code
HR-0392,25937001,aliyun/qwen3.7-max,random_10pct,no_error,strict_contract_error,yes,1,"E06,E10","fabrication,binding",parsed_declared_codes
HR-0393,22876543,aliyun/deepseek-v4-flash,random_10pct,no_error,no_error,no,0,,,explicit_no_code
HR-0394,34602066,aliyun/qwen3.7-max,random_10pct,strict_contract_error,no_error,no,0,,,explicit_no_code
HR-0395,35644747,aliyun/glm-5.2,random_10pct,no_error,strict_contract_error,no,1,E06,fabrication,parsed_declared_codes
HR-0396,36843596,aliyun/glm-5.2,random_10pct,no_error,no_error,no,0,,,explicit_no_code
HR-0397,42507445,aliyun/qwen3.7-max,random_10pct,no_error,no_error,no,0,,,explicit_no_code
HR-0398,28733700,aliyun/deepseek-v4-flash,census_sev_ge3,strict_contract_error,no_error,no,0,,,explicit_no_code
HR-0399,27339779,aliyun/kimi-k2.6,random_10pct,strict_contract_error,strict_contract_error,yes,1,E06,fabrication,parsed_declared_codes
HR-0400,17552288,aliyun/deepseek-v4-flash,random_10pct,no_error,no_error,no,0,,,explicit_no_code
HR-0401,26158853,aliyun/deepseek-v4-flash,random_10pct,strict_contract_error,no_error,no,0,,,explicit_no_code
HR-0402,16908901,aliyun/deepseek-v4-flash,random_10pct,strict_contract_error,strict_contract_error,no,1,E05,omission,parsed_declared_codes
HR-0403,34037224,aliyun/qwen3.8-max,random_10pct,no_error,no_error,no,0,,,explicit_no_code
HR-0404,33728347,aliyun/qwen3.8-max,random_10pct,strict_contract_error,no_error,no,0,,,explicit_no_code
HR-0405,30983505,aliyun/glm-5.2,random_10pct,no_error,no_error,no,0,,,explicit_no_code
HR-0406,18475154,aliyun/qwen3.7-max,random_10pct,no_error,no_error,no,0,,,explicit_no_code
HR-0407,18475154,aliyun/glm-5.2,random_10pct,no_error,no_error,no,0,,,explicit_no_code
HR-0408,33207137,aliyun/qwen3.7-max,random_10pct,no_error,no_error,no,0,,,explicit_no_code
HR-0409,18349174,aliyun/qwen3.8-max,random_10pct,no_error,no_error,no,0,,,explicit_no_code
HR-0410,16533938,aliyun/qwen3.7-max,random_10pct,strict_contract_error,strict_contract_error,no,1,E05,omission,parsed_declared_codes
HR-0411,21078068,aliyun/glm-5.2,random_10pct,no_error,no_error,no,0,,,explicit_no_code
HR-0412,24964817,aliyun/deepseek-v4-pro,random_10pct,strict_contract_error,strict_contract_error,yes,1,"E05,E06,E09","alteration,fabrication,omission",parsed_declared_codes
HR-0413,30359979,aliyun/qwen3.7-max,random_10pct,no_error,no_error,no,0,,,explicit_no_code
HR-0414,21036913,aliyun/deepseek-v4-pro,random_10pct,strict_contract_error,strict_contract_error,no,1,E06,fabrication,parsed_declared_codes
HR-0415,41091793,aliyun/qwen3.7-max,random_10pct,no_error,no_error,no,0,,,explicit_no_code
HR-0416,25040985,aliyun/kimi-k2.6,random_10pct,strict_contract_error,strict_contract_error,no,1,E05,omission,parsed_declared_codes
HR-0417,30699418,aliyun/qwen3.7-max,random_10pct,no_error,no_error,no,0,,,explicit_no_code
HR-0418,21817131,aliyun/kimi-k2.6,random_10pct,strict_contract_error,strict_contract_error,yes,2,E10,binding,parsed_declared_codes
HR-0419,32295945,aliyun/qwen3.7-max,random_10pct,no_error,strict_contract_error,yes,2,E10,binding,parsed_declared_codes
HR-0420,32968008,aliyun/deepseek-v4-pro,random_10pct,no_error,no_error,no,0,,,explicit_no_code
HR-0421,36054347,aliyun/deepseek-v4-flash,census_sev_ge3,strict_contract_error,strict_contract_error,yes,2,E06,fabrication,parsed_declared_codes
HR-0422,28847886,aliyun/qwen3.7-max,random_10pct,strict_contract_error,strict_contract_error,yes,2,E06,fabrication,parsed_declared_codes
HR-0423,18954496,aliyun/deepseek-v4-pro,random_10pct,strict_contract_error,strict_contract_error,no,1,E06,fabrication,parsed_declared_codes
HR-0424,18440953,aliyun/qwen3.7-max,census_sev_ge3,strict_contract_error,strict_contract_error,yes,4,E01,alteration,parsed_declared_codes
HR-0425,18160456,aliyun/glm-5.2,random_10pct,no_error,no_error,no,0,,,explicit_no_code
HR-0426,41604197,aliyun/glm-5.2,random_10pct,strict_contract_error,strict_contract_error,yes,2,E05,omission,parsed_declared_codes
HR-0427,26402643,aliyun/qwen3.8-max,random_10pct,no_error,no_error,no,0,,,explicit_no_code
HR-0428,34157754,aliyun/deepseek-v4-flash,random_10pct,no_error,no_error,no,0,,,explicit_no_code
HR-0429,39182228,aliyun/qwen3.7-max,random_10pct,no_error,no_error,no,0,,,explicit_no_code
HR-0430,26487571,aliyun/kimi-k2.6,random_10pct,no_error,no_error,no,0,,,explicit_no_code
HR-0431,28207552,aliyun/kimi-k2.6,random_10pct,no_error,strict_contract_error,yes,1,E05,omission,parsed_declared_codes
HR-0432,22050386,aliyun/deepseek-v4-flash,random_10pct,strict_contract_error,no_error,no,0,,,explicit_no_code
HR-0433,38109672,aliyun/glm-5.2,random_10pct,strict_contract_error,no_error,no,0,,,explicit_no_code
HR-0434,30699418,aliyun/qwen3.8-max,random_10pct,no_error,no_error,no,0,,,explicit_no_code
HR-0435,30371845,aliyun/qwen3.7-max,random_10pct,strict_contract_error,strict_contract_error,no,2,E04,,parsed_declared_codes
HR-0436,26673202,aliyun/qwen3.8-max,random_10pct,no_error,no_error,no,0,,,explicit_no_code
HR-0437,28420205,aliyun/deepseek-v4-flash,random_10pct,strict_contract_error,strict_contract_error,no,1,E03,alteration,parsed_declared_codes
HR-0438,27836107,aliyun/deepseek-v4-flash,census_sev_ge3,strict_contract_error,strict_contract_error,yes,2,E06,fabrication,parsed_declared_codes
HR-0439,32619075,aliyun/deepseek-v4-pro,random_10pct,strict_contract_error,strict_contract_error,no,1,E06,fabrication,parsed_declared_codes
HR-0440,42507445,aliyun/qwen3.8-max,random_10pct,no_error,no_error,no,0,,,explicit_no_code
HR-0441,16896641,aliyun/deepseek-v4-flash,random_10pct,strict_contract_error,strict_contract_error,no,1,E06,fabrication,parsed_declared_codes
HR-0442,24668309,aliyun/deepseek-v4-flash,random_10pct,strict_contract_error,strict_contract_error,yes,2,"E06,E10","binding,fabrication",parsed_declared_codes
HR-0443,26064925,aliyun/kimi-k2.6,random_10pct,no_error,strict_contract_error,no,1,E08,alteration,parsed_declared_codes
HR-0444,23070128,aliyun/deepseek-v4-pro,random_10pct,no_error,strict_contract_error,no,1,E03,alteration,parsed_declared_codes
HR-0445,17704543,aliyun/kimi-k2.6,random_10pct,strict_contract_error,no_error,no,0,,,explicit_no_code
HR-0446,36316614,aliyun/deepseek-v4-flash,random_10pct,strict_contract_error,no_error,no,0,,,explicit_no_code
HR-0447,30359979,aliyun/glm-5.2,random_10pct,no_error,no_error,no,0,,,explicit_no_code
HR-0448,31341407,aliyun/deepseek-v4-pro,random_10pct,strict_contract_error,strict_contract_error,no,1,E06,fabrication,parsed_declared_codes
HR-0449,31652351,aliyun/qwen3.8-max,random_10pct,strict_contract_error,no_error,no,0,,,explicit_no_code
HR-0450,26230313,aliyun/deepseek-v4-pro,random_10pct,strict_contract_error,strict_contract_error,yes,1,E10,binding,parsed_declared_codes
HR-0451,28425573,aliyun/qwen3.7-max,random_10pct,no_error,no_error,no,0,,,explicit_no_code
HR-0452,18440953,aliyun/deepseek-v4-flash,random_10pct,strict_contract_error,no_error,no,0,,,explicit_no_code
HR-0453,27321438,aliyun/qwen3.8-max,random_10pct,strict_contract_error,no_error,no,0,,,explicit_no_code
HR-0454,30902505,aliyun/kimi-k2.6,random_10pct,strict_contract_error,strict_contract_error,no,1,E10,binding,parsed_declared_codes
HR-0455,21722610,aliyun/qwen3.8-max,random_10pct,no_error,no_error,no,0,,,explicit_no_code
HR-0456,41121624,aliyun/qwen3.7-max,random_10pct,strict_contract_error,no_error,no,0,,,explicit_no_code
HR-0457,39503485,aliyun/deepseek-v4-flash,census_sev_ge3,strict_contract_error,no_error,no,0,,,explicit_no_code
HR-0458,25274393,aliyun/kimi-k2.6,random_10pct,no_error,no_error,no,0,,,explicit_no_code
HR-0459,32392056,aliyun/qwen3.8-max,random_10pct,no_error,strict_contract_error,no,1,E08,alteration,parsed_declared_codes
HR-0460,20715770,aliyun/qwen3.7-max,random_10pct,no_error,no_error,no,0,,,explicit_no_code
HR-0461,22546820,aliyun/qwen3.7-max,random_10pct,strict_contract_error,strict_contract_error,yes,2,E10,binding,parsed_declared_codes
HR-0462,39585784,aliyun/deepseek-v4-flash,random_10pct,strict_contract_error,no_error,no,0,,,explicit_no_code
HR-0463,26306952,aliyun/glm-5.2,random_10pct,strict_contract_error,no_error,no,0,,,explicit_no_code
HR-0464,33833135,aliyun/deepseek-v4-pro,random_10pct,strict_contract_error,strict_contract_error,no,1,"E03,E10","alteration,binding",parsed_declared_codes
HR-0465,16549139,aliyun/deepseek-v4-flash,random_10pct,no_error,no_error,no,0,,,explicit_no_code
HR-0466,20971741,aliyun/qwen3.7-max,random_10pct,strict_contract_error,no_error,no,0,,,explicit_no_code
HR-0467,35336475,aliyun/kimi-k2.6,random_10pct,no_error,strict_contract_error,no,1,E06,fabrication,parsed_declared_codes
HR-0468,33912896,aliyun/kimi-k2.6,random_10pct,no_error,no_error,no,0,,,explicit_no_code
HR-0469,26306952,aliyun/qwen3.7-max,random_10pct,no_error,no_error,no,0,,,explicit_no_code
HR-0470,23189958,aliyun/deepseek-v4-pro,census_sev_ge3,strict_contract_error,strict_contract_error,no,2,"E05,E06,E07",,parsed_declared_codes
HR-0471,33588199,aliyun/kimi-k2.6,random_10pct,strict_contract_error,strict_contract_error,yes,1,"E05,E10","binding,omission",parsed_declared_codes
HR-0472,16908309,aliyun/qwen3.8-max,random_10pct,no_error,no_error,no,0,,,explicit_no_code
HR-0473,34479076,aliyun/glm-5.2,random_10pct,no_error,no_error,no,0,,,explicit_no_code
HR-0474,20413518,aliyun/kimi-k2.6,random_10pct,strict_contract_error,strict_contract_error,yes,1,E05,omission,parsed_declared_codes
HR-0475,41086367,aliyun/qwen3.7-max,random_10pct,no_error,no_error,no,0,,,explicit_no_code
HR-0476,18349174,aliyun/deepseek-v4-flash,census_sev_ge3,strict_contract_error,strict_contract_error,yes,2,E07,alteration,parsed_declared_codes
HR-0477,20661012,aliyun/deepseek-v4-pro,random_10pct,strict_contract_error,strict_contract_error,no,1,E06,fabrication,parsed_declared_codes
HR-0478,36095019,aliyun/qwen3.7-max,random_10pct,no_error,strict_contract_error,no,1,E06,fabrication,parsed_declared_codes
HR-0479,41291256,aliyun/deepseek-v4-flash,random_10pct,strict_contract_error,strict_contract_error,no,1,E06,fabrication,parsed_declared_codes
HR-0480,27187608,aliyun/qwen3.8-max,random_10pct,no_error,no_error,no,0,,,explicit_no_code
HR-0481,37058040,aliyun/qwen3.8-max,random_10pct,strict_contract_error,strict_contract_error,no,1,"E06,E10","binding,fabrication",parsed_declared_codes
HR-0482,26078255,aliyun/kimi-k2.6,random_10pct,no_error,no_error,no,0,,,explicit_no_code
HR-0483,16896641,aliyun/deepseek-v4-pro,census_sev_ge3,strict_contract_error,strict_contract_error,no,1,E02,alteration,parsed_declared_codes
HR-0484,27557557,aliyun/qwen3.8-max,random_10pct,no_error,no_error,no,0,,,explicit_no_code
HR-0485,33242911,aliyun/qwen3.7-max,random_10pct,strict_contract_error,no_error,no,0,,,explicit_no_code
HR-0486,30874715,aliyun/deepseek-v4-flash,random_10pct,strict_contract_error,no_error,no,0,,,explicit_no_code
HR-0487,27764169,aliyun/qwen3.8-max,random_10pct,no_error,no_error,no,0,,,explicit_no_code
HR-0488,35120370,aliyun/deepseek-v4-flash,random_10pct,strict_contract_error,no_error,no,0,,,explicit_no_code
HR-0489,28848080,aliyun/qwen3.8-max,random_10pct,strict_contract_error,no_error,no,0,,,explicit_no_code
HR-0490,26044158,aliyun/qwen3.7-max,random_10pct,no_error,no_error,no,0,,,explicit_no_code
HR-0491,17543781,aliyun/kimi-k2.6,random_10pct,no_error,no_error,no,0,,,explicit_no_code
HR-0492,18971549,aliyun/deepseek-v4-pro,random_10pct,strict_contract_error,no_error,no,0,,,explicit_no_code
HR-0493,18166826,aliyun/kimi-k2.6,random_10pct,strict_contract_error,strict_contract_error,no,1,E06,fabrication,parsed_declared_codes
HR-0494,27826741,aliyun/qwen3.8-max,random_10pct,strict_contract_error,no_error,no,0,,,explicit_no_code
HR-0495,32506595,aliyun/glm-5.2,random_10pct,strict_contract_error,strict_contract_error,yes,2,E04,alteration,parsed_declared_codes
HR-0496,28325614,aliyun/glm-5.2,random_10pct,no_error,no_error,no,0,,,explicit_no_code
HR-0497,25814824,aliyun/glm-5.2,random_10pct,no_error,no_error,no,0,,,explicit_no_code
HR-0498,20815884,aliyun/deepseek-v4-flash,random_10pct,strict_contract_error,strict_contract_error,no,1,E06,fabrication,parsed_declared_codes
HR-0499,41086367,aliyun/glm-5.2,random_10pct,no_error,no_error,no,0,,,explicit_no_code
HR-0500,24470515,aliyun/qwen3.8-max,random_10pct,strict_contract_error,no_error,no,0,,,explicit_no_code
HR-0501,17502951,aliyun/deepseek-v4-pro,census_sev_ge3,strict_contract_error,strict_contract_error,no,1,E03,alteration,parsed_declared_codes
HR-0502,39093729,aliyun/qwen3.8-max,random_10pct,no_error,strict_contract_error,no,1,E06,fabrication,parsed_declared_codes
HR-0503,31860981,aliyun/deepseek-v4-pro,census_sev_ge3,strict_contract_error,strict_contract_error,yes,2,E06,fabrication,parsed_declared_codes
HR-0504,20732787,aliyun/qwen3.8-max,random_10pct,strict_contract_error,strict_contract_error,no,1,E06,fabrication,parsed_declared_codes
HR-0505,33388644,aliyun/glm-5.2,random_10pct,no_error,no_error,no,0,,,explicit_no_code
HR-0506,36441433,aliyun/kimi-k2.6,random_10pct,no_error,no_error,no,0,,,explicit_no_code
HR-0507,41756303,aliyun/deepseek-v4-flash,census_sev_ge3,strict_contract_error,strict_contract_error,yes,2,E07,alteration,parsed_declared_codes
HR-0508,19813774,aliyun/deepseek-v4-flash,census_sev_ge3,strict_contract_error,strict_contract_error,yes,2,E06,fabrication,parsed_declared_codes
HR-0509,22701542,aliyun/qwen3.8-max,random_10pct,no_error,no_error,no,0,,,explicit_no_code
HR-0510,38182332,aliyun/kimi-k2.6,random_10pct,no_error,no_error,no,0,,,explicit_no_code
HR-0511,18159569,aliyun/glm-5.2,random_10pct,strict_contract_error,strict_contract_error,no,1,E06,fabrication,parsed_declared_codes
HR-0512,24876454,aliyun/qwen3.7-max,random_10pct,no_error,no_error,no,0,,,explicit_no_code
HR-0513,25733514,aliyun/kimi-k2.6,random_10pct,strict_contract_error,strict_contract_error,yes,1,E10,binding,parsed_declared_codes
HR-0514,32892443,aliyun/qwen3.8-max,random_10pct,no_error,no_error,no,0,,,explicit_no_code
HR-0515,28425573,aliyun/glm-5.2,random_10pct,no_error,no_error,no,0,,,explicit_no_code
HR-0516,35761296,aliyun/deepseek-v4-pro,census_sev_ge3,strict_contract_error,strict_contract_error,no,1,E01,alteration,parsed_declared_codes
HR-0517,25128745,aliyun/qwen3.8-max,random_10pct,no_error,no_error,no,0,,,explicit_no_code
HR-0518,28416524,aliyun/deepseek-v4-flash,random_10pct,strict_contract_error,strict_contract_error,yes,2,E06,fabrication,parsed_declared_codes
HR-0519,22819528,aliyun/deepseek-v4-pro,random_10pct,no_error,no_error,no,0,,,explicit_no_code
HR-0520,36066791,aliyun/qwen3.8-max,random_10pct,no_error,no_error,no,0,,,explicit_no_code
HR-0521,38546428,aliyun/deepseek-v4-pro,random_10pct,strict_contract_error,strict_contract_error,no,1,E06,fabrication,parsed_declared_codes
HR-0522,34096465,aliyun/kimi-k2.6,random_10pct,strict_contract_error,strict_contract_error,yes,1,"E05,E06","fabrication,omission",parsed_declared_codes
HR-0523,29136019,aliyun/kimi-k2.6,random_10pct,strict_contract_error,no_error,no,0,,,explicit_no_code
HR-0524,34195270,aliyun/deepseek-v4-pro,random_10pct,no_error,no_error,no,0,,,explicit_no_code
HR-0525,17044457,aliyun/glm-5.2,random_10pct,strict_contract_error,no_error,no,0,,,explicit_no_code
HR-0526,20056225,aliyun/deepseek-v4-pro,random_10pct,no_error,no_error,no,0,,,explicit_no_code
HR-0527,27815418,aliyun/qwen3.7-max,random_10pct,strict_contract_error,no_error,no,0,,,explicit_no_code
HR-0528,40434298,aliyun/glm-5.2,random_10pct,no_error,no_error,no,0,,,explicit_no_code
HR-0529,41756303,aliyun/glm-5.2,census_sev_ge3,strict_contract_error,no_error,no,0,,,explicit_no_code
HR-0530,22108858,aliyun/qwen3.8-max,random_10pct,no_error,no_error,no,0,,,explicit_no_code
HR-0531,38813505,aliyun/deepseek-v4-flash,random_10pct,strict_contract_error,no_error,no,0,,,explicit_no_code
HR-0532,22968341,aliyun/kimi-k2.6,random_10pct,no_error,no_error,no,0,,,explicit_no_code
HR-0533,23311802,aliyun/deepseek-v4-pro,random_10pct,no_error,no_error,no,0,,,explicit_no_code
HR-0534,30005160,aliyun/glm-5.2,random_10pct,no_error,no_error,no,0,,,explicit_no_code
HR-0535,27889307,aliyun/deepseek-v4-flash,random_10pct,strict_contract_error,strict_contract_error,no,1,E06,fabrication,parsed_declared_codes
HR-0536,37066819,aliyun/qwen3.7-max,random_10pct,no_error,no_error,no,0,,,explicit_no_code
HR-0537,36106643,aliyun/deepseek-v4-pro,census_sev_ge3,strict_contract_error,strict_contract_error,no,1,E05,omission,parsed_declared_codes
HR-0538,22102705,aliyun/qwen3.7-max,random_10pct,strict_contract_error,strict_contract_error,no,1,E06,fabrication,parsed_declared_codes
HR-0539,35616936,aliyun/glm-5.2,random_10pct,no_error,no_error,no,0,,,explicit_no_code
HR-0540,34767053,aliyun/qwen3.7-max,random_10pct,no_error,no_error,no,0,,,explicit_no_code
HR-0541,17050313,aliyun/deepseek-v4-flash,random_10pct,strict_contract_error,strict_contract_error,yes,1,E05,omission,parsed_declared_codes
HR-0542,18379355,aliyun/kimi-k2.6,random_10pct,strict_contract_error,strict_contract_error,yes,1,E05,omission,parsed_declared_codes
HR-0543,19309724,aliyun/qwen3.7-max,random_10pct,no_error,strict_contract_error,no,1,E06,fabrication,parsed_declared_codes
HR-0544,41824426,aliyun/deepseek-v4-flash,random_10pct,no_error,no_error,no,0,,,explicit_no_code
HR-0545,36814219,aliyun/deepseek-v4-flash,random_10pct,strict_contract_error,no_error,no,0,,,explicit_no_code
HR-0546,41494879,aliyun/deepseek-v4-pro,random_10pct,strict_contract_error,no_error,no,0,,,explicit_no_code
HR-0547,22311294,aliyun/deepseek-v4-flash,random_10pct,strict_contract_error,strict_contract_error,yes,1,E05,omission,parsed_declared_codes
HR-0548,41975326,aliyun/glm-5.2,random_10pct,strict_contract_error,strict_contract_error,no,1,"E05,E06","fabrication,omission",parsed_declared_codes
HR-0549,28003569,aliyun/qwen3.8-max,random_10pct,no_error,no_error,no,0,,,explicit_no_code
HR-0550,38402177,aliyun/deepseek-v4-flash,random_10pct,strict_contract_error,no_error,no,0,,,explicit_no_code
HR-0551,36149854,aliyun/kimi-k2.6,random_10pct,no_error,no_error,no,0,,,explicit_no_code
HR-0552,32484448,aliyun/kimi-k2.6,random_10pct,no_error,no_error,no,0,,,explicit_no_code
HR-0553,21079397,aliyun/qwen3.7-max,random_10pct,strict_contract_error,strict_contract_error,yes,2,"E05,E10","omission,binding",parsed_declared_codes
HR-0554,36814219,aliyun/deepseek-v4-pro,random_10pct,no_error,no_error,no,0,,,explicit_no_code
HR-0555,40720140,aliyun/deepseek-v4-flash,random_10pct,strict_contract_error,strict_contract_error,yes,2,E05,omission,parsed_declared_codes
HR-0556,30980824,aliyun/deepseek-v4-flash,census_sev_ge3,strict_contract_error,strict_contract_error,no,1,E09,alteration,parsed_declared_codes
HR-0557,38758293,aliyun/qwen3.8-max,random_10pct,no_error,no_error,no,0,,,explicit_no_code
HR-0558,28438163,aliyun/qwen3.8-max,random_10pct,strict_contract_error,no_error,no,0,,,explicit_no_code
HR-0559,16932830,aliyun/deepseek-v4-pro,random_10pct,strict_contract_error,strict_contract_error,no,1,"E03,E05","alteration,omission",parsed_declared_codes
HR-0560,25894568,aliyun/deepseek-v4-pro,random_10pct,no_error,no_error,no,0,,,explicit_no_code
HR-0561,42206038,aliyun/deepseek-v4-pro,random_10pct,strict_contract_error,strict_contract_error,no,1,E06,fabrication,parsed_declared_codes
HR-0562,23670354,aliyun/deepseek-v4-flash,random_10pct,strict_contract_error,strict_contract_error,no,1,E06,fabrication,parsed_declared_codes
HR-0563,38151676,aliyun/qwen3.7-max,random_10pct,no_error,no_error,no,0,,,explicit_no_code
HR-0564,28147350,aliyun/kimi-k2.6,census_sev_ge3,strict_contract_error,no_error,no,0,,,explicit_no_code
HR-0565,16972068,aliyun/deepseek-v4-flash,census_sev_ge3,strict_contract_error,strict_contract_error,no,1,E06,fabrication,parsed_declared_codes
HR-0566,40211489,aliyun/kimi-k2.6,random_10pct,strict_contract_error,strict_contract_error,yes,1,E05,omission,parsed_declared_codes
HR-0567,34154986,aliyun/deepseek-v4-flash,random_10pct,strict_contract_error,strict_contract_error,yes,1,E05,omission,parsed_declared_codes
HR-0568,22876543,aliyun/deepseek-v4-pro,random_10pct,no_error,strict_contract_error,yes,1,E10,binding,parsed_declared_codes
HR-0569,26071404,aliyun/glm-5.2,random_10pct,no_error,no_error,no,0,,,explicit_no_code
HR-0570,37946262,aliyun/qwen3.8-max,random_10pct,no_error,no_error,no,0,,,explicit_no_code
HR-0571,16856824,aliyun/deepseek-v4-flash,census_sev_ge3,strict_contract_error,no_error,no,0,,,explicit_no_code
HR-0572,18535373,aliyun/kimi-k2.6,random_10pct,no_error,no_error,no,0,,,explicit_no_code
HR-0573,39793592,aliyun/deepseek-v4-flash,census_sev_ge3,strict_contract_error,strict_contract_error,yes,2,"E07,E10",,parsed_declared_codes
HR-0574,20682017,aliyun/qwen3.8-max,random_10pct,no_error,no_error,no,0,,,explicit_no_code
HR-0575,33314365,aliyun/deepseek-v4-pro,random_10pct,strict_contract_error,strict_contract_error,yes,2,E10,binding,parsed_declared_codes
HR-0576,23445569,aliyun/qwen3.8-max,random_10pct,no_error,no_error,no,0,,,explicit_no_code
HR-0577,18653444,aliyun/glm-5.2,random_10pct,no_error,no_error,no,0,,,explicit_no_code
HR-0578,42228437,aliyun/glm-5.2,random_10pct,no_error,no_error,no,0,,,explicit_no_code
HR-0579,16678749,aliyun/glm-5.2,census_sev_ge3,strict_contract_error,strict_contract_error,yes,2,E07,alteration,parsed_declared_codes
HR-0580,37409838,aliyun/kimi-k2.6,random_10pct,no_error,no_error,no,0,,,explicit_no_code
HR-0581,19486788,aliyun/kimi-k2.6,random_10pct,no_error,no_error,no,0,,,explicit_no_code
HR-0582,26571012,aliyun/kimi-k2.6,random_10pct,no_error,no_error,no,0,,,explicit_no_code
HR-0583,38110526,aliyun/deepseek-v4-pro,random_10pct,no_error,no_error,no,0,,,explicit_no_code
HR-0584,36625063,aliyun/deepseek-v4-flash,random_10pct,no_error,strict_contract_error,yes,1,E05,omission,parsed_declared_codes
HR-0585,23163825,aliyun/qwen3.8-max,random_10pct,no_error,no_error,no,0,,,explicit_no_code
HR-0586,21067014,aliyun/kimi-k2.6,random_10pct,no_error,strict_contract_error,yes,1,E05,omission,parsed_declared_codes
HR-0587,30973905,aliyun/kimi-k2.6,random_10pct,strict_contract_error,no_error,no,0,,,explicit_no_code
HR-0588,21777201,aliyun/qwen3.7-max,random_10pct,no_error,no_error,no,0,,,explicit_no_code
HR-0589,16549139,aliyun/qwen3.7-max,random_10pct,no_error,no_error,no,0,,,explicit_no_code
HR-0590,27557557,aliyun/glm-5.2,random_10pct,no_error,no_error,no,0,,,explicit_no_code
HR-0591,18685527,aliyun/qwen3.8-max,random_10pct,no_error,no_error,no,0,,,explicit_no_code
HR-0592,41319070,aliyun/kimi-k2.6,random_10pct,strict_contract_error,strict_contract_error,no,1,E08,alteration,parsed_declared_codes
HR-0593,34418574,aliyun/deepseek-v4-flash,random_10pct,strict_contract_error,strict_contract_error,yes,1,E05,omission,parsed_declared_codes
HR-0594,18502269,aliyun/deepseek-v4-pro,random_10pct,strict_contract_error,no_error,no,0,,,explicit_no_code
HR-0595,21502435,aliyun/qwen3.7-max,random_10pct,no_error,no_error,no,0,,,explicit_no_code
HR-0596,27815418,aliyun/glm-5.2,random_10pct,strict_contract_error,no_error,no,0,,,explicit_no_code
HR-0597,38715188,aliyun/qwen3.8-max,random_10pct,strict_contract_error,no_error,no,0,,,explicit_no_code
HR-0598,24548580,aliyun/kimi-k2.6,random_10pct,strict_contract_error,strict_contract_error,yes,1,"E05,E10","binding,omission",parsed_declared_codes
HR-0599,16932830,aliyun/qwen3.7-max,random_10pct,strict_contract_error,strict_contract_error,no,1,E06,fabrication,parsed_declared_codes
HR-0600,25604769,aliyun/glm-5.2,random_10pct,no_error,no_error,no,0,,,explicit_no_code
HR-0601,30460613,aliyun/kimi-k2.6,random_10pct,strict_contract_error,strict_contract_error,no,1,E06,fabrication,parsed_declared_codes
HR-0602,39793592,aliyun/qwen3.7-max,census_sev_ge3,strict_contract_error,no_error,no,0,,,explicit_no_code
HR-0603,20595409,aliyun/qwen3.7-max,random_10pct,no_error,no_error,no,0,,,explicit_no_code
HR-0604,26890570,aliyun/kimi-k2.6,random_10pct,no_error,no_error,no,0,,,explicit_no_code
HR-0605,34284809,aliyun/deepseek-v4-pro,random_10pct,strict_contract_error,strict_contract_error,no,1,E06,fabrication,parsed_declared_codes
HR-0606,33276028,aliyun/qwen3.8-max,random_10pct,strict_contract_error,strict_contract_error,no,1,E06,fabrication,parsed_declared_codes
HR-0607,32295945,aliyun/qwen3.8-max,random_10pct,no_error,no_error,no,0,,,explicit_no_code
HR-0608,20947241,aliyun/qwen3.7-max,random_10pct,no_error,strict_contract_error,no,1,E05,omission,parsed_declared_codes
HR-0609,26044842,aliyun/qwen3.8-max,random_10pct,strict_contract_error,strict_contract_error,no,1,E06,fabrication,parsed_declared_codes
HR-0610,32438301,aliyun/glm-5.2,random_10pct,no_error,strict_contract_error,no,1,E06,fabrication,parsed_declared_codes
HR-0611,27194344,aliyun/deepseek-v4-flash,random_10pct,no_error,no_error,no,0,,,explicit_no_code
HR-0612,33336475,aliyun/kimi-k2.6,random_10pct,no_error,no_error,no,0,,,explicit_no_code
HR-0613,26004947,aliyun/deepseek-v4-pro,random_10pct,strict_contract_error,strict_contract_error,yes,2,E05,omission,parsed_declared_codes
HR-0614,16896641,aliyun/glm-5.2,random_10pct,strict_contract_error,no_error,no,0,,,explicit_no_code
HR-0615,22118037,aliyun/deepseek-v4-flash,random_10pct,no_error,no_error,no,0,,,explicit_no_code
HR-0616,21705493,aliyun/deepseek-v4-pro,census_sev_ge3,strict_contract_error,strict_contract_error,no,1,E09,,parsed_declared_codes
HR-0617,21719412,aliyun/qwen3.7-max,random_10pct,no_error,no_error,no,0,,,explicit_no_code
HR-0618,25295655,aliyun/deepseek-v4-pro,random_10pct,strict_contract_error,strict_contract_error,yes,1,"E08,E10","alteration,binding",parsed_declared_codes
HR-0619,36503429,aliyun/deepseek-v4-pro,random_10pct,strict_contract_error,no_error,no,0,,,explicit_no_code
HR-0620,33360186,aliyun/glm-5.2,random_10pct,no_error,strict_contract_error,yes,1,E08,alteration,parsed_declared_codes
HR-0621,38674880,aliyun/qwen3.7-max,random_10pct,strict_contract_error,no_error,no,0,,,explicit_no_code
HR-0622,41756303,aliyun/qwen3.7-max,random_10pct,no_error,no_error,no,0,,,explicit_no_code
HR-0623,27826741,aliyun/qwen3.7-max,random_10pct,no_error,no_error,no,0,,,explicit_no_code
HR-0624,24169821,aliyun/deepseek-v4-flash,random_10pct,strict_contract_error,strict_contract_error,yes,3,E07,alteration,parsed_declared_codes
HR-0625,30368295,aliyun/qwen3.8-max,random_10pct,no_error,no_error,no,0,,,explicit_no_code
HR-0626,28280732,aliyun/deepseek-v4-flash,random_10pct,no_error,no_error,no,0,,,explicit_no_code
HR-0627,33396057,aliyun/qwen3.7-max,random_10pct,no_error,strict_contract_error,no,1,E07,alteration,parsed_declared_codes
HR-0628,24393424,aliyun/kimi-k2.6,random_10pct,strict_contract_error,strict_contract_error,no,0,E06,fabrication,parsed_declared_codes
HR-0629,28573765,aliyun/kimi-k2.6,random_10pct,no_error,no_error,no,0,,,explicit_no_code
HR-0630,34543098,aliyun/deepseek-v4-flash,random_10pct,strict_contract_error,strict_contract_error,no,1,E06,fabrication,parsed_declared_codes
HR-0631,23163825,aliyun/qwen3.7-max,random_10pct,no_error,no_error,no,0,,,explicit_no_code
HR-0632,29526564,aliyun/deepseek-v4-flash,random_10pct,strict_contract_error,no_error,no,0,,,explicit_no_code
HR-0633,16795068,aliyun/kimi-k2.6,random_10pct,strict_contract_error,strict_contract_error,no,1,E05,omission,parsed_declared_codes
HR-0634,19912513,aliyun/deepseek-v4-flash,census_sev_ge3,strict_contract_error,strict_contract_error,yes,3,E05,omission,parsed_declared_codes
HR-0635,30515764,aliyun/kimi-k2.6,random_10pct,strict_contract_error,strict_contract_error,yes,2,E10,binding,parsed_declared_codes
HR-0636,32727406,aliyun/deepseek-v4-pro,random_10pct,no_error,no_error,no,0,,,explicit_no_code
HR-0637,21817131,aliyun/deepseek-v4-pro,random_10pct,no_error,no_error,no,0,,,explicit_no_code
HR-0638,39147699,aliyun/kimi-k2.6,random_10pct,no_error,no_error,no,0,,,explicit_no_code
HR-0639,30579821,aliyun/deepseek-v4-pro,random_10pct,no_error,no_error,no,0,,,explicit_no_code
HR-0640,42228437,aliyun/qwen3.8-max,random_10pct,no_error,strict_contract_error,no,1,E06,fabrication,parsed_declared_codes
HR-0641,36470023,aliyun/deepseek-v4-flash,random_10pct,no_error,no_error,no,0,,,explicit_no_code
HR-0642,22178250,aliyun/deepseek-v4-pro,random_10pct,no_error,strict_contract_error,yes,1,E05,omission,parsed_declared_codes
HR-0643,32057715,aliyun/glm-5.2,random_10pct,strict_contract_error,no_error,no,0,,,explicit_no_code
HR-0644,21129333,aliyun/deepseek-v4-flash,random_10pct,no_error,no_error,no,0,,,explicit_no_code
HR-0645,21115620,aliyun/deepseek-v4-pro,random_10pct,no_error,strict_contract_error,no,1,E05,omission,parsed_declared_codes
HR-0646,33998179,aliyun/glm-5.2,random_10pct,no_error,no_error,no,0,,,explicit_no_code
HR-0647,26111831,aliyun/kimi-k2.6,random_10pct,no_error,strict_contract_error,no,1,E09,alteration,parsed_declared_codes
HR-0648,33257615,aliyun/deepseek-v4-flash,random_10pct,no_error,no_error,no,0,,,explicit_no_code
HR-0649,16759989,aliyun/deepseek-v4-pro,random_10pct,no_error,no_error,no,0,,,explicit_no_code
HR-0650,18632017,aliyun/deepseek-v4-flash,random_10pct,no_error,no_error,no,0,,,explicit_no_code
HR-0651,27707767,aliyun/kimi-k2.6,random_10pct,no_error,no_error,no,0,,,explicit_no_code
HR-0652,29912068,aliyun/deepseek-v4-flash,random_10pct,strict_contract_error,no_error,no,0,,,explicit_no_code
HR-0653,40186180,aliyun/kimi-k2.6,random_10pct,no_error,no_error,no,0,,,explicit_no_code
HR-0654,40982282,aliyun/deepseek-v4-flash,census_sev_ge3,strict_contract_error,strict_contract_error,yes,2,E02,alteration,parsed_declared_codes
HR-0655,36459447,aliyun/qwen3.7-max,random_10pct,strict_contract_error,no_error,no,0,,,explicit_no_code
HR-0656,28416524,aliyun/glm-5.2,random_10pct,no_error,no_error,no,0,,,explicit_no_code
HR-0657,20732787,aliyun/deepseek-v4-pro,random_10pct,strict_contract_error,strict_contract_error,yes,2,"E05,E06,E10","binding,fabrication,omission",parsed_declared_codes
HR-0658,30909919,aliyun/glm-5.2,random_10pct,no_error,no_error,no,0,,,explicit_no_code
HR-0659,30232687,aliyun/qwen3.7-max,random_10pct,strict_contract_error,no_error,no,0,,,explicit_no_code
HR-0660,38079020,aliyun/deepseek-v4-pro,random_10pct,strict_contract_error,no_error,no,0,,,explicit_no_code
HR-0661,27764169,aliyun/glm-5.2,random_10pct,no_error,no_error,no,0,,,explicit_no_code
HR-0662,26158853,aliyun/kimi-k2.6,random_10pct,no_error,no_error,no,0,,,explicit_no_code
HR-0663,26730842,aliyun/deepseek-v4-flash,census_sev_ge3,strict_contract_error,strict_contract_error,no,1,E05,omission,parsed_declared_codes
HR-0664,21722610,aliyun/deepseek-v4-flash,random_10pct,no_error,no_error,no,0,,,explicit_no_code
HR-0665,31380575,aliyun/deepseek-v4-pro,census_sev_ge3,strict_contract_error,no_error,no,0,,,explicit_no_code
HR-0666,28934974,aliyun/qwen3.7-max,random_10pct,no_error,no_error,no,0,,,explicit_no_code
HR-0667,30641703,aliyun/glm-5.2,random_10pct,no_error,no_error,no,0,,,explicit_no_code
HR-0668,30120775,aliyun/deepseek-v4-pro,random_10pct,strict_contract_error,no_error,no,0,,,explicit_no_code
HR-0669,26713971,aliyun/kimi-k2.6,random_10pct,no_error,strict_contract_error,yes,1,E05,omission,parsed_declared_codes
HR-0670,21079397,aliyun/qwen3.8-max,random_10pct,no_error,no_error,no,0,,,explicit_no_code
HR-0671,23835511,aliyun/deepseek-v4-flash,random_10pct,strict_contract_error,strict_contract_error,yes,2,E05,omission,parsed_declared_codes
HR-0672,29406841,aliyun/kimi-k2.6,random_10pct,strict_contract_error,no_error,no,0,,,explicit_no_code
HR-0673,32366186,aliyun/glm-5.2,random_10pct,no_error,no_error,no,0,,,explicit_no_code
HR-0674,18063832,aliyun/qwen3.7-max,random_10pct,strict_contract_error,strict_contract_error,no,1,E06,fabrication,parsed_declared_codes
HR-0675,25673191,aliyun/qwen3.7-max,random_10pct,strict_contract_error,no_error,no,0,,,explicit_no_code
HR-0676,38151184,aliyun/qwen3.8-max,random_10pct,strict_contract_error,no_error,no,0,,,explicit_no_code
HR-0677,30980824,aliyun/qwen3.8-max,random_10pct,no_error,no_error,no,0,,,explicit_no_code
HR-0678,37629732,aliyun/qwen3.7-max,random_10pct,strict_contract_error,strict_contract_error,no,1,E06,fabrication,parsed_declared_codes
HR-0679,42206575,aliyun/kimi-k2.6,random_10pct,no_error,no_error,no,0,,,explicit_no_code
HR-0680,33198837,aliyun/glm-5.2,random_10pct,strict_contract_error,no_error,no,0,,,explicit_no_code
HR-0681,21075054,aliyun/kimi-k2.6,random_10pct,strict_contract_error,no_error,no,0,,,explicit_no_code
HR-0682,17555951,aliyun/deepseek-v4-flash,random_10pct,strict_contract_error,strict_contract_error,yes,3,E06,fabrication,parsed_declared_codes
HR-0683,26423732,aliyun/glm-5.2,random_10pct,no_error,no_error,no,0,,,explicit_no_code
HR-0684,26673202,aliyun/deepseek-v4-flash,random_10pct,strict_contract_error,no_error,no,0,,,explicit_no_code
HR-0685,36227238,aliyun/deepseek-v4-flash,random_10pct,no_error,strict_contract_error,no,1,E05,omission,parsed_declared_codes
HR-0686,17554249,aliyun/deepseek-v4-pro,random_10pct,strict_contract_error,strict_contract_error,yes,1,"E05,E06","fabrication,omission",parsed_declared_codes
HR-0687,38110526,aliyun/qwen3.8-max,random_10pct,strict_contract_error,no_error,no,0,,,explicit_no_code
HR-0688,37278273,aliyun/kimi-k2.6,random_10pct,no_error,no_error,no,0,,,explicit_no_code
HR-0689,28062334,aliyun/deepseek-v4-flash,census_sev_ge3,strict_contract_error,strict_contract_error,yes,2,E07,alteration,parsed_declared_codes
HR-0690,18939403,aliyun/glm-5.2,random_10pct,strict_contract_error,no_error,no,0,,,explicit_no_code
HR-0691,21491172,aliyun/kimi-k2.6,census_sev_ge3,strict_contract_error,no_error,no,0,,,explicit_no_code
HR-0692,29575962,aliyun/deepseek-v4-pro,random_10pct,no_error,strict_contract_error,no,1,E08,alteration,parsed_declared_codes
HR-0693,18067170,aliyun/qwen3.8-max,random_10pct,strict_contract_error,strict_contract_error,no,1,E06,fabrication,parsed_declared_codes
HR-0694,30543683,aliyun/deepseek-v4-pro,random_10pct,strict_contract_error,strict_contract_error,no,1,E03,alteration,parsed_declared_codes
HR-0695,18478625,aliyun/qwen3.7-max,random_10pct,strict_contract_error,no_error,no,0,,,explicit_no_code
HR-0696,30964905,aliyun/qwen3.7-max,random_10pct,strict_contract_error,no_error,no,0,,,explicit_no_code
HR-0697,21560835,aliyun/deepseek-v4-flash,random_10pct,no_error,no_error,no,0,,,explicit_no_code
HR-0698,16785337,aliyun/deepseek-v4-pro,random_10pct,strict_contract_error,strict_contract_error,yes,1,E05,omission,parsed_declared_codes
HR-0699,36188426,aliyun/qwen3.8-max,random_10pct,strict_contract_error,no_error,no,0,,,explicit_no_code
HR-0700,42587182,aliyun/kimi-k2.6,random_10pct,strict_contract_error,no_error,no,0,,,explicit_no_code
HR-0701,17706257,aliyun/deepseek-v4-pro,random_10pct,strict_contract_error,no_error,no,0,,,explicit_no_code
HR-0702,30451582,aliyun/qwen3.7-max,random_10pct,strict_contract_error,strict_contract_error,yes,1,E08,alteration,parsed_declared_codes
HR-0703,39356955,aliyun/deepseek-v4-pro,random_10pct,strict_contract_error,strict_contract_error,yes,2,E10,binding,parsed_declared_codes
HR-0704,36376325,aliyun/qwen3.7-max,random_10pct,no_error,no_error,no,0,,,explicit_no_code
HR-0705,30322844,aliyun/glm-5.2,random_10pct,no_error,no_error,no,0,,,explicit_no_code
HR-0706,31014348,aliyun/qwen3.8-max,random_10pct,no_error,no_error,no,0,,,explicit_no_code
HR-0707,39147699,aliyun/glm-5.2,random_10pct,no_error,no_error,no,0,,,explicit_no_code
HR-0708,21289521,aliyun/kimi-k2.6,census_sev_ge3,strict_contract_error,strict_contract_error,yes,2,"E02,E05,E06",alteration,parsed_declared_codes
HR-0709,27743509,aliyun/deepseek-v4-pro,random_10pct,no_error,strict_contract_error,no,1,E06,fabrication,parsed_declared_codes
HR-0710,22102705,aliyun/glm-5.2,random_10pct,strict_contract_error,strict_contract_error,no,1,E06,fabrication,parsed_declared_codes
HR-0711,42204710,aliyun/deepseek-v4-flash,census_sev_ge3,strict_contract_error,strict_contract_error,yes,2,E02,alteration,parsed_declared_codes
HR-0712,20061982,aliyun/kimi-k2.6,random_10pct,no_error,strict_contract_error,yes,1,E05,omission,parsed_declared_codes
HR-0713,16895622,aliyun/deepseek-v4-pro,random_10pct,no_error,strict_contract_error,no,1,E06,fabrication,parsed_declared_codes
HR-0714,33883857,aliyun/qwen3.8-max,random_10pct,no_error,strict_contract_error,no,1,E06,fabrication,parsed_declared_codes
HR-0715,32252666,aliyun/deepseek-v4-flash,random_10pct,strict_contract_error,no_error,no,0,,,explicit_no_code
HR-0716,23970634,aliyun/kimi-k2.6,random_10pct,strict_contract_error,strict_contract_error,yes,1,E06,fabrication,parsed_declared_codes
HR-0717,23857958,aliyun/qwen3.7-max,random_10pct,strict_contract_error,strict_contract_error,no,1,E05,omission,parsed_declared_codes
HR-0718,22362086,aliyun/kimi-k2.6,random_10pct,no_error,no_error,no,0,,,explicit_no_code
HR-0719,21058191,aliyun/kimi-k2.6,random_10pct,strict_contract_error,strict_contract_error,no,1,E06,fabrication,parsed_declared_codes
HR-0720,40956079,aliyun/deepseek-v4-flash,census_sev_ge3,strict_contract_error,strict_contract_error,yes,2,E07,alteration,parsed_declared_codes
HR-0721,32228577,aliyun/qwen3.7-max,random_10pct,no_error,no_error,no,0,,,explicit_no_code
HR-0722,34154986,aliyun/kimi-k2.6,random_10pct,strict_contract_error,no_error,no,0,,,explicit_no_code
HR-0723,25811876,aliyun/deepseek-v4-pro,random_10pct,no_error,no_error,no,0,,,explicit_no_code
HR-0724,33396057,aliyun/qwen3.8-max,random_10pct,strict_contract_error,no_error,no,0,,,explicit_no_code
HR-0725,18160456,aliyun/qwen3.7-max,random_10pct,no_error,no_error,no,0,,,explicit_no_code
HR-0726,33097320,aliyun/deepseek-v4-flash,random_10pct,strict_contract_error,strict_contract_error,yes,1,E05,omission,parsed_declared_codes
HR-0727,32438301,aliyun/deepseek-v4-pro,random_10pct,strict_contract_error,strict_contract_error,no,1,E06,fabrication,parsed_declared_codes
HR-0728,24523584,aliyun/deepseek-v4-pro,random_10pct,strict_contract_error,strict_contract_error,yes,2,E04,alteration,parsed_declared_codes
HR-0729,40303273,aliyun/qwen3.8-max,random_10pct,strict_contract_error,strict_contract_error,no,1,E06,fabrication,parsed_declared_codes
HR-0730,30430530,aliyun/deepseek-v4-pro,random_10pct,no_error,strict_contract_error,yes,1,E10,binding,parsed_declared_codes
HR-0731,35968572,aliyun/kimi-k2.6,random_10pct,no_error,no_error,no,0,,,explicit_no_code
HR-0732,20595409,aliyun/qwen3.8-max,random_10pct,no_error,no_error,no,0,,,explicit_no_code
HR-0733,18349174,aliyun/kimi-k2.6,census_sev_ge3,strict_contract_error,no_error,no,0,,,explicit_no_code
HR-0734,36901590,aliyun/qwen3.8-max,random_10pct,strict_contract_error,strict_contract_error,no,1,E08,alteration,parsed_declared_codes
HR-0735,21897207,aliyun/kimi-k2.6,random_10pct,no_error,no_error,no,0,,,explicit_no_code
HR-0736,20595409,aliyun/glm-5.2,random_10pct,no_error,no_error,no,0,,,explicit_no_code
HR-0737,17045448,aliyun/deepseek-v4-pro,random_10pct,no_error,strict_contract_error,yes,1,E05,omission,parsed_declared_codes
HR-0738,18216764,aliyun/deepseek-v4-flash,census_sev_ge3,strict_contract_error,strict_contract_error,yes,2,E05,omission,parsed_declared_codes
HR-0739,31147209,aliyun/kimi-k2.6,random_10pct,strict_contract_error,no_error,no,0,,,explicit_no_code
HR-0740,17030976,aliyun/deepseek-v4-flash,random_10pct,strict_contract_error,no_error,no,0,,,explicit_no_code
HR-0741,27434748,aliyun/deepseek-v4-flash,census_sev_ge3,strict_contract_error,no_error,no,0,,,explicit_no_code
HR-0742,26713971,aliyun/qwen3.7-max,random_10pct,no_error,no_error,no,0,,,explicit_no_code
HR-0743,32798344,aliyun/deepseek-v4-flash,random_10pct,strict_contract_error,no_error,no,0,,,explicit_no_code
HR-0744,33883857,aliyun/glm-5.2,random_10pct,strict_contract_error,strict_contract_error,no,1,E06,fabrication,parsed_declared_codes
HR-0745,34157754,aliyun/deepseek-v4-pro,random_10pct,strict_contract_error,no_error,no,0,,,explicit_no_code
HR-0746,23418529,aliyun/deepseek-v4-pro,random_10pct,strict_contract_error,strict_contract_error,yes,2,"E05,E06","fabrication,omission",parsed_declared_codes
HR-0747,29028680,aliyun/deepseek-v4-pro,census_sev_ge3,strict_contract_error,no_error,no,0,,,explicit_no_code
HR-0748,25252480,aliyun/kimi-k2.6,random_10pct,strict_contract_error,strict_contract_error,no,1,"E05,E10","omission,binding",parsed_declared_codes
HR-0749,31204518,aliyun/deepseek-v4-pro,random_10pct,strict_contract_error,strict_contract_error,no,1,E03,alteration,parsed_declared_codes
HR-0750,32641110,aliyun/glm-5.2,random_10pct,no_error,no_error,no,0,,,explicit_no_code
HR-0751,28489031,aliyun/kimi-k2.6,random_10pct,strict_contract_error,no_error,no,0,,,explicit_no_code
HR-0752,21273939,aliyun/kimi-k2.6,census_sev_ge3,strict_contract_error,no_error,no,0,,,explicit_no_code
HR-0753,20504122,aliyun/deepseek-v4-pro,random_10pct,strict_contract_error,strict_contract_error,no,1,E06,fabrication,parsed_declared_codes
HR-0754,25128745,aliyun/qwen3.7-max,random_10pct,no_error,no_error,no,0,,,explicit_no_code
HR-0755,26673202,aliyun/glm-5.2,random_10pct,strict_contract_error,no_error,no,0,,,explicit_no_code
HR-0756,19273678,aliyun/deepseek-v4-flash,random_10pct,strict_contract_error,strict_contract_error,no,1,E01,alteration,parsed_declared_codes
HR-0757,26336025,aliyun/kimi-k2.6,census_sev_ge3,strict_contract_error,strict_contract_error,no,1,E05,omission,parsed_declared_codes
HR-0758,31006009,aliyun/deepseek-v4-pro,random_10pct,strict_contract_error,strict_contract_error,yes,3,E06,fabrication,parsed_declared_codes
HR-0759,33822783,aliyun/deepseek-v4-pro,random_10pct,no_error,no_error,no,0,,,explicit_no_code
HR-0760,20880100,aliyun/deepseek-v4-flash,random_10pct,no_error,no_error,no,0,,,explicit_no_code
HR-0761,42253110,aliyun/qwen3.8-max,random_10pct,no_error,no_error,no,0,,,explicit_no_code
HR-0762,40783142,aliyun/deepseek-v4-pro,random_10pct,strict_contract_error,strict_contract_error,yes,1,E05,omission,parsed_declared_codes
HR-0763,39147483,aliyun/qwen3.7-max,random_10pct,strict_contract_error,strict_contract_error,no,1,E06,fabrication,parsed_declared_codes
HR-0764,39995526,aliyun/glm-5.2,random_10pct,no_error,no_error,no,0,,,explicit_no_code
HR-0765,25358603,aliyun/deepseek-v4-flash,census_sev_ge3,strict_contract_error,no_error,no,0,,,explicit_no_code
HR-0766,21087229,aliyun/qwen3.8-max,random_10pct,no_error,no_error,no,0,,,explicit_no_code
HR-0767,16896641,aliyun/qwen3.7-max,random_10pct,no_error,no_error,no,0,,,explicit_no_code
HR-0768,36333405,aliyun/glm-5.2,random_10pct,strict_contract_error,no_error,no,0,,,explicit_no_code
HR-0769,30401610,aliyun/kimi-k2.6,random_10pct,no_error,no_error,no,0,,,explicit_no_code
HR-0770,24532682,aliyun/glm-5.2,random_10pct,strict_contract_error,no_error,no,0,,,explicit_no_code
HR-0771,27557557,aliyun/qwen3.7-max,random_10pct,no_error,no_error,no,0,,,explicit_no_code
HR-0772,34918443,aliyun/glm-5.2,random_10pct,no_error,strict_contract_error,no,1,E05,omission,parsed_declared_codes
HR-0773,37066819,aliyun/deepseek-v4-flash,random_10pct,no_error,no_error,no,0,,,explicit_no_code
HR-0774,36156129,aliyun/glm-5.2,census_sev_ge3,strict_contract_error,strict_contract_error,yes,3,E05,omission,parsed_declared_codes
HR-0775,39658120,aliyun/deepseek-v4-pro,random_10pct,strict_contract_error,strict_contract_error,no,1,E06,fabrication,parsed_declared_codes
HR-0776,16773960,aliyun/glm-5.2,random_10pct,no_error,no_error,no,0,,,explicit_no_code
HR-0777,31886283,aliyun/deepseek-v4-pro,random_10pct,strict_contract_error,strict_contract_error,yes,2,"E05,E08","alteration,omission",parsed_declared_codes
HR-0778,21058191,aliyun/qwen3.8-max,random_10pct,no_error,no_error,no,0,,,explicit_no_code
HR-0779,38725071,aliyun/qwen3.7-max,random_10pct,strict_contract_error,strict_contract_error,yes,2,E10,binding,parsed_declared_codes
HR-0780,19232026,aliyun/deepseek-v4-flash,census_sev_ge3,strict_contract_error,strict_contract_error,yes,3,E06,fabrication,parsed_declared_codes
HR-0781,30315437,aliyun/glm-5.2,random_10pct,no_error,no_error,no,0,,,explicit_no_code
HR-0782,21996202,aliyun/qwen3.8-max,random_10pct,strict_contract_error,strict_contract_error,no,1,E06,fabrication,parsed_declared_codes
HR-0783,18502303,aliyun/deepseek-v4-pro,random_10pct,no_error,no_error,no,0,,,explicit_no_code
HR-0784,21705493,aliyun/deepseek-v4-flash,census_sev_ge3,strict_contract_error,strict_contract_error,no,2,E06,fabrication,parsed_declared_codes
HR-0785,41805288,aliyun/deepseek-v4-flash,random_10pct,no_error,no_error,no,0,,,explicit_no_code
HR-0786,26792024,aliyun/qwen3.8-max,random_10pct,strict_contract_error,no_error,no,0,,,explicit_no_code
HR-0787,27716690,aliyun/deepseek-v4-flash,random_10pct,no_error,no_error,no,0,,,explicit_no_code
HR-0788,17266687,aliyun/deepseek-v4-pro,census_sev_ge3,strict_contract_error,strict_contract_error,no,1,E09,alteration,parsed_declared_codes
HR-0789,19901014,aliyun/kimi-k2.6,census_sev_ge3,strict_contract_error,strict_contract_error,yes,2,E01,alteration,parsed_declared_codes
HR-0790,35787198,aliyun/deepseek-v4-flash,random_10pct,strict_contract_error,no_error,no,0,,,explicit_no_code
HR-0791,33141868,aliyun/deepseek-v4-pro,random_10pct,no_error,no_error,no,0,,,explicit_no_code
HR-0792,25899007,aliyun/qwen3.7-max,random_10pct,strict_contract_error,strict_contract_error,no,1,E06,fabrication,parsed_declared_codes
HR-0793,22268263,aliyun/glm-5.2,random_10pct,no_error,no_error,no,0,,,explicit_no_code
HR-0794,21087229,aliyun/deepseek-v4-pro,random_10pct,no_error,no_error,no,0,,,explicit_no_code
HR-0795,25374232,aliyun/deepseek-v4-pro,random_10pct,strict_contract_error,strict_contract_error,yes,2,"E05,E06","fabrication,omission",parsed_declared_codes
HR-0796,27557630,aliyun/kimi-k2.6,random_10pct,no_error,no_error,no,0,,,explicit_no_code
HR-0797,41314197,aliyun/kimi-k2.6,random_10pct,strict_contract_error,strict_contract_error,yes,2,E06,fabrication,parsed_declared_codes
HR-0798,41663160,aliyun/glm-5.2,random_10pct,strict_contract_error,strict_contract_error,no,1,E06,fabrication,parsed_declared_codes
HR-0799,39487494,aliyun/kimi-k2.6,random_10pct,no_error,no_error,no,0,,,explicit_no_code
HR-0800,35984124,aliyun/glm-5.2,random_10pct,no_error,no_error,no,0,,,explicit_no_code
HR-0801,23025296,aliyun/kimi-k2.6,random_10pct,no_error,no_error,no,0,,,explicit_no_code
HR-0802,28003210,aliyun/kimi-k2.6,random_10pct,strict_contract_error,no_error,no,0,,,explicit_no_code
HR-0803,18560024,aliyun/deepseek-v4-flash,random_10pct,strict_contract_error,strict_contract_error,yes,2,E05,omission,parsed_declared_codes
HR-0804,29799676,aliyun/deepseek-v4-flash,random_10pct,strict_contract_error,no_error,no,0,,,explicit_no_code
HR-0805,21122062,aliyun/deepseek-v4-flash,random_10pct,strict_contract_error,no_error,no,0,,,explicit_no_code
HR-0806,22341043,aliyun/deepseek-v4-pro,random_10pct,no_error,no_error,no,0,,,explicit_no_code
HR-0807,22546820,aliyun/qwen3.8-max,random_10pct,no_error,strict_contract_error,no,1,E03,alteration,parsed_declared_codes
HR-0808,18180976,aliyun/deepseek-v4-pro,random_10pct,strict_contract_error,no_error,no,0,,,explicit_no_code
HR-0809,37677854,aliyun/qwen3.7-max,random_10pct,no_error,no_error,no,0,,,explicit_no_code
HR-0810,38147760,aliyun/glm-5.2,random_10pct,no_error,no_error,no,0,,,explicit_no_code
HR-0811,18428144,aliyun/deepseek-v4-pro,random_10pct,strict_contract_error,no_error,no,0,,,explicit_no_code
HR-0812,30098847,aliyun/kimi-k2.6,random_10pct,strict_contract_error,no_error,no,0,,,explicit_no_code
HR-0813,37960912,aliyun/kimi-k2.6,random_10pct,no_error,strict_contract_error,no,1,"E03,E06","alteration,fabrication",parsed_declared_codes
HR-0814,34965524,aliyun/deepseek-v4-pro,random_10pct,strict_contract_error,no_error,no,0,,,explicit_no_code
HR-0815,25052227,aliyun/deepseek-v4-pro,random_10pct,strict_contract_error,strict_contract_error,no,1,E06,fabrication,parsed_declared_codes
HR-0816,30983505,aliyun/qwen3.8-max,random_10pct,no_error,no_error,no,0,,,explicit_no_code
HR-0817,34826015,aliyun/kimi-k2.6,random_10pct,strict_contract_error,no_error,no,0,,,explicit_no_code
HR-0818,21107682,aliyun/glm-5.2,census_sev_ge3,strict_contract_error,strict_contract_error,yes,2,"E05,E10",,parsed_declared_codes
HR-0819,23418529,aliyun/deepseek-v4-flash,random_10pct,strict_contract_error,strict_contract_error,no,1,E06,fabrication,parsed_declared_codes
HR-0820,33912896,aliyun/qwen3.7-max,random_10pct,no_error,no_error,no,0,,,explicit_no_code
HR-0821,19843000,aliyun/deepseek-v4-flash,census_sev_ge3,strict_contract_error,strict_contract_error,yes,2,E06,fabrication,parsed_declared_codes
HR-0822,19328945,aliyun/deepseek-v4-flash,census_sev_ge3,strict_contract_error,strict_contract_error,yes,3,E06,fabrication,parsed_declared_codes
HR-0823,33426837,aliyun/qwen3.7-max,random_10pct,no_error,no_error,no,0,,,explicit_no_code
HR-0824,33991953,aliyun/deepseek-v4-pro,random_10pct,no_error,no_error,no,0,,,explicit_no_code
HR-0825,40666154,aliyun/deepseek-v4-flash,random_10pct,strict_contract_error,strict_contract_error,yes,2,E06,fabrication,parsed_declared_codes
HR-0826,37960912,aliyun/qwen3.7-max,random_10pct,no_error,no_error,no,0,,,explicit_no_code
HR-0827,36477479,aliyun/deepseek-v4-pro,census_sev_ge3,strict_contract_error,strict_contract_error,yes,2,E05,omission,parsed_declared_codes
HR-0828,25916257,aliyun/qwen3.8-max,random_10pct,no_error,no_error,no,0,,,explicit_no_code
HR-0829,39697671,aliyun/qwen3.8-max,random_10pct,no_error,no_error,no,0,,,explicit_no_code
HR-0830,28846806,aliyun/deepseek-v4-pro,census_sev_ge3,strict_contract_error,strict_contract_error,no,1,E09,alteration,parsed_declared_codes
HR-0831,21558668,aliyun/kimi-k2.6,random_10pct,no_error,no_error,no,0,,,explicit_no_code
HR-0832,18950796,aliyun/qwen3.8-max,random_10pct,no_error,no_error,no,0,,,explicit_no_code
HR-0833,39854039,aliyun/qwen3.7-max,random_10pct,strict_contract_error,strict_contract_error,no,1,E06,fabrication,parsed_declared_codes
HR-0834,19329308,aliyun/deepseek-v4-pro,random_10pct,no_error,no_error,no,0,,,explicit_no_code
HR-0835,18165577,aliyun/qwen3.8-max,census_sev_ge3,strict_contract_error,strict_contract_error,no,1,E09,alteration,parsed_declared_codes
HR-0836,16908901,aliyun/glm-5.2,random_10pct,strict_contract_error,strict_contract_error,no,1,E06,fabrication,parsed_declared_codes
HR-0837,20025646,aliyun/glm-5.2,random_10pct,no_error,no_error,no,0,,,explicit_no_code
HR-0838,39894549,aliyun/deepseek-v4-flash,random_10pct,no_error,strict_contract_error,no,1,E05,omission,parsed_declared_codes
HR-0839,16826028,aliyun/deepseek-v4-pro,random_10pct,strict_contract_error,strict_contract_error,yes,1,E05,omission,parsed_declared_codes
HR-0840,31014348,aliyun/qwen3.7-max,random_10pct,no_error,no_error,no,0,,,explicit_no_code
HR-0841,22362086,aliyun/deepseek-v4-flash,random_10pct,no_error,no_error,no,0,,,explicit_no_code
HR-0842,38725071,aliyun/kimi-k2.6,random_10pct,no_error,no_error,no,0,,,explicit_no_code
HR-0843,29247110,aliyun/qwen3.8-max,random_10pct,no_error,no_error,no,0,,,explicit_no_code
HR-0844,40923390,aliyun/qwen3.7-max,census_sev_ge3,strict_contract_error,strict_contract_error,no,2,E06,fabrication,parsed_declared_codes
HR-0845,32879949,aliyun/deepseek-v4-pro,random_10pct,strict_contract_error,strict_contract_error,no,1,E06,fabrication,parsed_declared_codes
HR-0846,36349412,aliyun/qwen3.8-max,random_10pct,strict_contract_error,strict_contract_error,no,1,E06,fabrication,parsed_declared_codes
HR-0847,33323473,aliyun/deepseek-v4-pro,random_10pct,strict_contract_error,no_error,no,0,,,explicit_no_code
HR-0848,16895622,aliyun/qwen3.8-max,random_10pct,no_error,strict_contract_error,no,1,E10,binding,parsed_declared_codes
HR-0849,30579821,aliyun/glm-5.2,random_10pct,strict_contract_error,no_error,no,0,,,explicit_no_code
HR-0850,18502303,aliyun/qwen3.7-max,random_10pct,no_error,no_error,no,0,,,explicit_no_code
HR-0851,36331692,aliyun/deepseek-v4-flash,random_10pct,strict_contract_error,no_error,no,0,,,explicit_no_code
HR-0852,27768720,aliyun/deepseek-v4-flash,random_10pct,strict_contract_error,no_error,no,0,,,explicit_no_code
HR-0853,28988119,aliyun/kimi-k2.6,random_10pct,no_error,strict_contract_error,no,1,E06,fabrication,parsed_declared_codes
HR-0854,33032479,aliyun/deepseek-v4-flash,random_10pct,no_error,strict_contract_error,no,1,E05,omission,parsed_declared_codes
HR-0855,29271700,aliyun/qwen3.7-max,random_10pct,strict_contract_error,strict_contract_error,no,2,,,unparsed_original_text_omitted
HR-0856,16759989,aliyun/deepseek-v4-flash,random_10pct,no_error,no_error,no,0,,,explicit_no_code
HR-0857,24470464,aliyun/qwen3.7-max,random_10pct,strict_contract_error,strict_contract_error,no,1,E05,omission,parsed_declared_codes
HR-0858,24908247,aliyun/deepseek-v4-flash,random_10pct,strict_contract_error,strict_contract_error,yes,3,E06,fabrication,parsed_declared_codes
HR-0859,20602740,aliyun/qwen3.8-max,random_10pct,no_error,no_error,no,0,,,explicit_no_code
HR-0860,33232769,aliyun/qwen3.8-max,random_10pct,no_error,no_error,no,0,,,explicit_no_code
HR-0861,34253484,aliyun/kimi-k2.6,random_10pct,no_error,no_error,no,0,,,explicit_no_code
HR-0862,20815884,aliyun/kimi-k2.6,random_10pct,strict_contract_error,strict_contract_error,yes,2,"E06,E10","fabrication,binding",parsed_declared_codes
HR-0863,41811754,aliyun/deepseek-v4-pro,census_sev_ge3,strict_contract_error,no_error,no,0,,,explicit_no_code
HR-0864,41975326,aliyun/kimi-k2.6,random_10pct,strict_contract_error,strict_contract_error,no,1,E06,fabrication,parsed_declared_codes
HR-0865,23070128,aliyun/deepseek-v4-flash,random_10pct,strict_contract_error,strict_contract_error,no,1,E03,alteration,parsed_declared_codes
HR-0866,26938489,aliyun/deepseek-v4-pro,random_10pct,strict_contract_error,strict_contract_error,no,1,"E05,E06","fabrication,omission",parsed_declared_codes
HR-0867,32881912,aliyun/deepseek-v4-flash,random_10pct,no_error,no_error,no,0,,,explicit_no_code
HR-0868,22924306,aliyun/glm-5.2,random_10pct,no_error,strict_contract_error,yes,1,E05,omission,parsed_declared_codes
HR-0869,32392056,aliyun/qwen3.7-max,random_10pct,strict_contract_error,strict_contract_error,no,1,E06,fabrication,parsed_declared_codes
HR-0870,36746392,aliyun/kimi-k2.6,random_10pct,no_error,no_error,no,0,,,explicit_no_code
HR-0871,26297882,aliyun/deepseek-v4-flash,random_10pct,strict_contract_error,strict_contract_error,yes,1,E05,omission,parsed_declared_codes
HR-0872,42459213,aliyun/qwen3.8-max,random_10pct,no_error,strict_contract_error,no,1,E03,alteration,parsed_declared_codes
HR-0873,18379355,aliyun/deepseek-v4-pro,random_10pct,strict_contract_error,strict_contract_error,yes,1,"E05,E06","fabrication,omission",parsed_declared_codes
HR-0874,21332566,aliyun/glm-5.2,census_sev_ge3,strict_contract_error,no_error,no,0,,,explicit_no_code
HR-0875,20929696,aliyun/deepseek-v4-flash,random_10pct,no_error,no_error,no,0,,,explicit_no_code
HR-0876,35453165,aliyun/deepseek-v4-pro,census_sev_ge3,strict_contract_error,strict_contract_error,yes,2,E05,omission,parsed_declared_codes
HR-0877,34096465,aliyun/qwen3.7-max,random_10pct,strict_contract_error,strict_contract_error,no,1,E06,fabrication,parsed_declared_codes
HR-0878,21289521,aliyun/qwen3.8-max,census_sev_ge3,strict_contract_error,strict_contract_error,yes,2,E02,alteration,parsed_declared_codes
HR-0879,30596718,aliyun/qwen3.8-max,random_10pct,no_error,no_error,no,0,,,explicit_no_code
HR-0880,40992785,aliyun/glm-5.2,random_10pct,strict_contract_error,strict_contract_error,no,1,E06,fabrication,parsed_declared_codes
HR-0881,22701542,aliyun/qwen3.7-max,random_10pct,strict_contract_error,strict_contract_error,no,1,E03,alteration,parsed_declared_codes
HR-0882,22108858,aliyun/glm-5.2,random_10pct,strict_contract_error,strict_contract_error,no,1,E06,fabrication,parsed_declared_codes
HR-0883,20817668,aliyun/deepseek-v4-flash,census_sev_ge3,strict_contract_error,strict_contract_error,yes,3,E06,fabrication,parsed_declared_codes
HR-0884,17691593,aliyun/glm-5.2,random_10pct,strict_contract_error,strict_contract_error,yes,1,E05,omission,parsed_declared_codes
HR-0885,16549139,aliyun/deepseek-v4-pro,random_10pct,strict_contract_error,strict_contract_error,no,1,E06,fabrication,parsed_declared_codes
HR-0886,40307716,aliyun/qwen3.7-max,random_10pct,no_error,no_error,no,0,,,explicit_no_code
HR-0887,32892443,aliyun/kimi-k2.6,random_10pct,strict_contract_error,strict_contract_error,no,1,E06,fabrication,parsed_declared_codes
HR-0888,28003569,aliyun/qwen3.7-max,random_10pct,no_error,no_error,no,0,,,explicit_no_code
HR-0889,31240879,aliyun/deepseek-v4-pro,random_10pct,strict_contract_error,no_error,no,0,,,explicit_no_code
HR-0890,26551298,aliyun/deepseek-v4-pro,census_sev_ge3,strict_contract_error,strict_contract_error,yes,2,E03,alteration,parsed_declared_codes
HR-0891,25585851,aliyun/glm-5.2,random_10pct,no_error,no_error,no,0,,,explicit_no_code
HR-0892,20078256,aliyun/deepseek-v4-flash,random_10pct,no_error,no_error,no,0,,,explicit_no_code
HR-0893,19934286,aliyun/qwen3.7-max,random_10pct,strict_contract_error,strict_contract_error,no,1,E06,fabrication,parsed_declared_codes
HR-0894,39090525,aliyun/glm-5.2,random_10pct,no_error,no_error,no,0,,,explicit_no_code
HR-0895,24182687,aliyun/deepseek-v4-pro,random_10pct,strict_contract_error,strict_contract_error,no,1,E05,omission,parsed_declared_codes
HR-0896,25781527,aliyun/deepseek-v4-pro,random_10pct,no_error,no_error,no,0,,,explicit_no_code
HR-0897,31408270,aliyun/kimi-k2.6,census_sev_ge3,strict_contract_error,strict_contract_error,no,2,E05,omission,parsed_declared_codes
HR-0898,35588309,aliyun/qwen3.8-max,random_10pct,strict_contract_error,no_error,no,0,,,explicit_no_code
HR-0899,18466198,aliyun/glm-5.2,random_10pct,strict_contract_error,strict_contract_error,no,1,E06,fabrication,parsed_declared_codes
HR-0900,16785337,aliyun/deepseek-v4-flash,random_10pct,strict_contract_error,no_error,no,0,,,explicit_no_code
HR-0901,21441130,aliyun/deepseek-v4-pro,random_10pct,strict_contract_error,no_error,no,0,,,explicit_no_code
HR-0902,37659100,aliyun/qwen3.8-max,random_10pct,no_error,no_error,no,0,,,explicit_no_code
HR-0903,40366126,aliyun/deepseek-v4-pro,random_10pct,no_error,no_error,no,0,,,explicit_no_code
HR-0904,23171622,aliyun/deepseek-v4-pro,random_10pct,no_error,no_error,no,0,,,explicit_no_code
HR-0905,34569768,aliyun/qwen3.8-max,random_10pct,strict_contract_error,no_error,no,0,,,explicit_no_code
HR-0906,26423732,aliyun/qwen3.8-max,random_10pct,no_error,no_error,no,0,,,explicit_no_code
HR-0907,20683173,aliyun/qwen3.8-max,random_10pct,no_error,no_error,no,0,,,explicit_no_code
HR-0908,20172704,aliyun/deepseek-v4-flash,random_10pct,strict_contract_error,strict_contract_error,yes,1,"E05,E10","binding,omission",parsed_declared_codes
HR-0909,26953145,aliyun/kimi-k2.6,random_10pct,no_error,no_error,no,0,,,explicit_no_code
HR-0910,18159569,aliyun/qwen3.7-max,random_10pct,strict_contract_error,strict_contract_error,no,1,E06,fabrication,parsed_declared_codes
HR-0911,19935591,aliyun/qwen3.8-max,random_10pct,strict_contract_error,strict_contract_error,no,1,E06,fabrication,parsed_declared_codes
HR-0912,20921214,aliyun/qwen3.8-max,random_10pct,no_error,no_error,no,0,,,explicit_no_code
HR-0913,20200461,aliyun/deepseek-v4-flash,random_10pct,strict_contract_error,strict_contract_error,yes,1,"E05,E06","fabrication,omission",parsed_declared_codes
HR-0914,19486788,aliyun/qwen3.7-max,random_10pct,no_error,strict_contract_error,yes,2,E10,binding,parsed_declared_codes
HR-0915,30368295,aliyun/qwen3.7-max,random_10pct,no_error,no_error,no,0,,,explicit_no_code
HR-0916,35489711,aliyun/deepseek-v4-pro,random_10pct,strict_contract_error,no_error,no,0,,,explicit_no_code
HR-0917,18490328,aliyun/qwen3.8-max,random_10pct,strict_contract_error,strict_contract_error,no,1,E03,alteration,parsed_declared_codes
HR-0918,22876543,aliyun/qwen3.7-max,random_10pct,strict_contract_error,strict_contract_error,no,1,E06,fabrication,parsed_declared_codes
HR-0919,42321588,aliyun/qwen3.7-max,random_10pct,strict_contract_error,strict_contract_error,no,1,"E06,E10",,parsed_declared_codes
HR-0920,22876543,aliyun/qwen3.8-max,random_10pct,no_error,no_error,no,0,,,explicit_no_code
HR-0921,42299478,aliyun/deepseek-v4-flash,random_10pct,strict_contract_error,strict_contract_error,yes,2,E02,alteration,parsed_declared_codes
HR-0922,24532682,aliyun/deepseek-v4-pro,census_sev_ge3,strict_contract_error,strict_contract_error,no,1,E05,omission,parsed_declared_codes
HR-0923,29492525,aliyun/deepseek-v4-pro,random_10pct,strict_contract_error,strict_contract_error,no,1,E03,alteration,parsed_declared_codes
HR-0924,31761894,aliyun/deepseek-v4-flash,random_10pct,no_error,no_error,no,0,,,explicit_no_code
HR-0925,24532682,aliyun/qwen3.7-max,random_10pct,strict_contract_error,no_error,no,0,,,explicit_no_code
HR-0926,33205295,aliyun/qwen3.8-max,random_10pct,strict_contract_error,strict_contract_error,no,1,E06,fabrication,parsed_declared_codes
HR-0927,32295945,aliyun/kimi-k2.6,random_10pct,no_error,no_error,no,0,,,explicit_no_code
HR-0928,32909467,aliyun/qwen3.7-max,random_10pct,no_error,no_error,no,0,,,explicit_no_code
HR-0929,17044457,aliyun/qwen3.7-max,random_10pct,strict_contract_error,strict_contract_error,no,1,E06,fabrication,parsed_declared_codes
HR-0930,29280309,aliyun/qwen3.8-max,random_10pct,no_error,no_error,no,0,,,explicit_no_code
HR-0931,26573841,aliyun/deepseek-v4-pro,random_10pct,strict_contract_error,no_error,no,0,,,explicit_no_code
HR-0932,31442786,aliyun/deepseek-v4-flash,random_10pct,strict_contract_error,strict_contract_error,yes,1,E05,omission,parsed_declared_codes
HR-0933,18947437,aliyun/qwen3.8-max,random_10pct,no_error,strict_contract_error,yes,1,E08,alteration,parsed_declared_codes
HR-0934,21029008,aliyun/qwen3.8-max,random_10pct,no_error,no_error,no,0,,,explicit_no_code
HR-0935,42512870,aliyun/deepseek-v4-flash,random_10pct,no_error,no_error,no,0,,,explicit_no_code
HR-0936,42135636,aliyun/qwen3.7-max,random_10pct,no_error,no_error,no,0,,,explicit_no_code
HR-0937,20817668,aliyun/deepseek-v4-pro,random_10pct,strict_contract_error,strict_contract_error,no,1,E08,alteration,parsed_declared_codes
HR-0938,16533938,aliyun/qwen3.8-max,random_10pct,no_error,no_error,no,0,,,explicit_no_code
HR-0939,32892443,aliyun/qwen3.7-max,census_sev_ge3,strict_contract_error,no_error,no,0,,,explicit_no_code
HR-0940,28404133,aliyun/deepseek-v4-flash,census_sev_ge3,strict_contract_error,strict_contract_error,yes,2,E10,binding,parsed_declared_codes
HR-0941,39585784,aliyun/kimi-k2.6,random_10pct,strict_contract_error,strict_contract_error,yes,1,"E06,E10","fabrication,binding",parsed_declared_codes
HR-0942,30980824,aliyun/qwen3.7-max,random_10pct,strict_contract_error,strict_contract_error,no,1,E06,fabrication,parsed_declared_codes
HR-0943,36307473,aliyun/kimi-k2.6,random_10pct,no_error,no_error,no,0,,,explicit_no_code
HR-0944,33707563,aliyun/qwen3.8-max,random_10pct,no_error,no_error,no,0,,,explicit_no_code
HR-0945,31845316,aliyun/kimi-k2.6,random_10pct,no_error,no_error,no,0,,,explicit_no_code
HR-0946,31421670,aliyun/kimi-k2.6,random_10pct,strict_contract_error,no_error,no,0,,,explicit_no_code
HR-0947,25511579,aliyun/deepseek-v4-flash,random_10pct,strict_contract_error,no_error,no,0,,,explicit_no_code
HR-0948,31308208,aliyun/qwen3.7-max,random_10pct,no_error,strict_contract_error,no,1,E08,alteration,parsed_declared_codes
HR-0949,42587182,aliyun/qwen3.7-max,random_10pct,no_error,no_error,no,0,,,explicit_no_code
HR-0950,37058040,aliyun/deepseek-v4-pro,census_sev_ge3,strict_contract_error,strict_contract_error,yes,2,E07,alteration,parsed_declared_codes
HR-0951,33359042,aliyun/qwen3.7-max,random_10pct,no_error,no_error,no,0,,,explicit_no_code
HR-0952,22254072,aliyun/qwen3.7-max,random_10pct,strict_contract_error,strict_contract_error,no,1,"E03,E06","alteration,fabrication",parsed_declared_codes
HR-0953,20715770,aliyun/kimi-k2.6,random_10pct,no_error,no_error,no,0,,,explicit_no_code
HR-0954,16760502,aliyun/kimi-k2.6,random_10pct,no_error,no_error,no,0,,,explicit_no_code
HR-0955,25924705,aliyun/glm-5.2,random_10pct,no_error,no_error,no,0,,,explicit_no_code
HR-0956,39147699,aliyun/deepseek-v4-pro,random_10pct,no_error,no_error,no,0,,,explicit_no_code
HR-0957,28934744,aliyun/glm-5.2,random_10pct,no_error,no_error,no,0,,,explicit_no_code
HR-0958,18714153,aliyun/kimi-k2.6,random_10pct,no_error,no_error,no,0,,,explicit_no_code
HR-0959,33833135,aliyun/deepseek-v4-flash,random_10pct,no_error,no_error,no,0,,,explicit_no_code
HR-0960,21897207,aliyun/deepseek-v4-pro,random_10pct,strict_contract_error,strict_contract_error,yes,1,E05,omission,parsed_declared_codes
HR-0961,27550386,aliyun/qwen3.7-max,random_10pct,no_error,no_error,no,0,,,explicit_no_code
HR-0962,39172128,aliyun/qwen3.8-max,random_10pct,no_error,no_error,no,0,,,explicit_no_code
HR-0963,23139259,aliyun/qwen3.7-max,random_10pct,no_error,no_error,no,0,,,explicit_no_code
HR-0964,18261563,aliyun/kimi-k2.6,random_10pct,strict_contract_error,strict_contract_error,no,1,E06,fabrication,parsed_declared_codes
HR-0965,20682017,aliyun/glm-5.2,random_10pct,strict_contract_error,strict_contract_error,no,1,E06,fabrication,parsed_declared_codes
HR-0966,20642944,aliyun/deepseek-v4-pro,random_10pct,no_error,no_error,no,0,,,explicit_no_code
HR-0967,40986558,aliyun/glm-5.2,random_10pct,no_error,no_error,no,0,,,explicit_no_code
HR-0968,19100399,aliyun/deepseek-v4-pro,census_sev_ge3,strict_contract_error,strict_contract_error,yes,2,E06,fabrication,parsed_declared_codes
HR-0969,33707563,aliyun/kimi-k2.6,random_10pct,strict_contract_error,strict_contract_error,no,1,E05,omission,parsed_declared_codes
HR-0970,42469991,aliyun/kimi-k2.6,random_10pct,no_error,no_error,no,0,,,explicit_no_code
HR-0971,23006034,aliyun/deepseek-v4-flash,random_10pct,strict_contract_error,no_error,no,0,,,explicit_no_code
HR-0972,25899007,aliyun/glm-5.2,random_10pct,strict_contract_error,strict_contract_error,no,1,E06,fabrication,parsed_declared_codes
HR-0973,36946859,aliyun/qwen3.7-max,random_10pct,no_error,no_error,no,0,,,explicit_no_code
HR-0974,37578993,aliyun/deepseek-v4-pro,random_10pct,no_error,no_error,no,0,,,explicit_no_code
HR-0975,35651857,aliyun/qwen3.7-max,random_10pct,no_error,no_error,no,0,,,explicit_no_code
HR-0976,22652377,aliyun/deepseek-v4-pro,random_10pct,no_error,strict_contract_error,no,1,E05,omission,parsed_declared_codes
HR-0977,20030530,aliyun/qwen3.7-max,random_10pct,no_error,no_error,no,0,,,explicit_no_code
HR-0978,32524766,aliyun/qwen3.7-max,random_10pct,no_error,no_error,no,0,,,explicit_no_code
HR-0979,42128499,aliyun/deepseek-v4-flash,census_sev_ge3,strict_contract_error,no_error,no,0,,,explicit_no_code
HR-0980,27874837,aliyun/deepseek-v4-flash,random_10pct,no_error,no_error,no,0,,,explicit_no_code
HR-0981,22804749,aliyun/qwen3.8-max,random_10pct,no_error,no_error,no,0,,,explicit_no_code
HR-0982,26890570,aliyun/deepseek-v4-flash,random_10pct,no_error,no_error,no,0,,,explicit_no_code
HR-0983,31439096,aliyun/deepseek-v4-flash,random_10pct,strict_contract_error,strict_contract_error,yes,2,"E05,E10","binding,omission",parsed_declared_codes
HR-0984,17310818,aliyun/kimi-k2.6,census_sev_ge3,strict_contract_error,strict_contract_error,yes,2,E06,fabrication,parsed_declared_codes
HR-0985,42329735,aliyun/deepseek-v4-flash,random_10pct,no_error,no_error,no,0,,,explicit_no_code
HR-0986,26129911,aliyun/deepseek-v4-pro,random_10pct,strict_contract_error,no_error,no,0,,,explicit_no_code
HR-0987,42208866,aliyun/qwen3.7-max,random_10pct,strict_contract_error,no_error,no,0,,,explicit_no_code
HR-0988,23131574,aliyun/deepseek-v4-pro,census_sev_ge3,strict_contract_error,strict_contract_error,yes,2,E02,alteration,parsed_declared_codes
HR-0989,32524766,aliyun/qwen3.8-max,random_10pct,strict_contract_error,no_error,no,0,,,explicit_no_code
HR-0990,31500574,aliyun/deepseek-v4-flash,random_10pct,strict_contract_error,strict_contract_error,yes,1,"E03,E05","alteration,omission",parsed_declared_codes
HR-0991,20586113,aliyun/glm-5.2,random_10pct,no_error,no_error,no,0,,,explicit_no_code
HR-0992,26111831,aliyun/deepseek-v4-pro,random_10pct,no_error,strict_contract_error,no,1,E09,alteration,parsed_declared_codes
HR-0993,26204638,aliyun/kimi-k2.6,random_10pct,no_error,no_error,no,0,,,explicit_no_code
HR-0994,24908247,aliyun/kimi-k2.6,random_10pct,no_error,no_error,no,0,,,explicit_no_code
HR-0995,22771545,aliyun/deepseek-v4-pro,random_10pct,no_error,no_error,no,0,,,explicit_no_code
HR-0996,31642779,aliyun/qwen3.8-max,random_10pct,no_error,no_error,no,0,,,explicit_no_code
HR-0997,37822270,aliyun/kimi-k2.6,random_10pct,no_error,no_error,no,0,,,explicit_no_code
HR-0998,26078255,aliyun/qwen3.8-max,random_10pct,no_error,no_error,no,0,,,explicit_no_code
HR-0999,18336730,aliyun/qwen3.7-max,random_10pct,strict_contract_error,strict_contract_error,no,1,E06,fabrication,parsed_declared_codes
HR-1000,30651572,aliyun/glm-5.2,random_10pct,no_error,no_error,no,0,,,explicit_no_code
HR-1001,21161117,aliyun/deepseek-v4-flash,random_10pct,strict_contract_error,no_error,no,0,,,explicit_no_code
HR-1002,42090724,aliyun/deepseek-v4-pro,random_10pct,strict_contract_error,strict_contract_error,no,1,"E05,E08","alteration,omission",parsed_declared_codes
HR-1003,39894549,aliyun/qwen3.7-max,random_10pct,no_error,no_error,no,0,,,explicit_no_code
HR-1004,34699125,aliyun/deepseek-v4-flash,random_10pct,strict_contract_error,no_error,no,0,,,explicit_no_code
HR-1005,18379355,aliyun/qwen3.7-max,random_10pct,no_error,no_error,no,0,,,explicit_no_code
HR-1006,19020809,aliyun/deepseek-v4-flash,random_10pct,strict_contract_error,strict_contract_error,yes,1,E05,omission,parsed_declared_codes
HR-1007,17543781,aliyun/glm-5.2,random_10pct,no_error,no_error,no,0,,,explicit_no_code
HR-1008,21160315,aliyun/deepseek-v4-pro,random_10pct,no_error,no_error,no,0,,,explicit_no_code
HR-1009,19656709,aliyun/deepseek-v4-flash,random_10pct,no_error,strict_contract_error,yes,1,E05,omission,parsed_declared_codes
HR-1010,31326409,aliyun/deepseek-v4-flash,random_10pct,strict_contract_error,no_error,no,0,,,explicit_no_code
HR-1011,28416524,aliyun/qwen3.7-max,random_10pct,strict_contract_error,no_error,no,0,,,explicit_no_code
HR-1012,33207137,aliyun/qwen3.8-max,random_10pct,no_error,no_error,no,0,,,explicit_no_code
HR-1013,20732787,aliyun/kimi-k2.6,random_10pct,strict_contract_error,strict_contract_error,no,1,"E06,E10","fabrication,binding",parsed_declared_codes
HR-1014,16754626,aliyun/kimi-k2.6,census_sev_ge3,strict_contract_error,strict_contract_error,no,1,E08,alteration,parsed_declared_codes
HR-1015,21046025,aliyun/glm-5.2,random_10pct,no_error,no_error,no,0,,,explicit_no_code
HR-1016,23011357,aliyun/deepseek-v4-pro,census_sev_ge3,strict_contract_error,no_error,no,0,,,explicit_no_code
HR-1017,40632742,aliyun/kimi-k2.6,random_10pct,strict_contract_error,no_error,no,0,,,explicit_no_code
HR-1018,21779787,aliyun/glm-5.2,random_10pct,strict_contract_error,no_error,no,0,,,explicit_no_code
HR-1019,17549579,aliyun/deepseek-v4-pro,random_10pct,strict_contract_error,strict_contract_error,yes,1,E05,omission,parsed_declared_codes
HR-1020,24699205,aliyun/kimi-k2.6,random_10pct,strict_contract_error,no_error,no,0,,,explicit_no_code
HR-1021,19934286,aliyun/glm-5.2,random_10pct,strict_contract_error,strict_contract_error,no,1,E06,fabrication,parsed_declared_codes
HR-1022,18165577,aliyun/kimi-k2.6,random_10pct,strict_contract_error,strict_contract_error,no,1,E06,fabrication,parsed_declared_codes
HR-1023,17044457,aliyun/qwen3.8-max,random_10pct,strict_contract_error,no_error,no,0,,,explicit_no_code
HR-1024,40510489,aliyun/qwen3.7-max,random_10pct,no_error,strict_contract_error,yes,1,"E07,E10","alteration,binding",parsed_declared_codes
HR-1025,31308208,aliyun/kimi-k2.6,random_10pct,no_error,strict_contract_error,no,1,E08,alteration,parsed_declared_codes
HR-1026,35453165,aliyun/kimi-k2.6,census_sev_ge3,strict_contract_error,strict_contract_error,yes,2,E06,fabrication,parsed_declared_codes
HR-1027,20947241,aliyun/glm-5.2,random_10pct,no_error,no_error,no,0,,,explicit_no_code
HR-1028,16533938,aliyun/glm-5.2,random_10pct,no_error,no_error,no,0,,,explicit_no_code
HR-1029,28250007,aliyun/deepseek-v4-pro,random_10pct,no_error,no_error,no,0,,,explicit_no_code
HR-1030,35761296,aliyun/deepseek-v4-flash,census_sev_ge3,strict_contract_error,strict_contract_error,yes,3,E06,fabrication,parsed_declared_codes
HR-1031,23594003,aliyun/deepseek-v4-pro,random_10pct,strict_contract_error,strict_contract_error,no,1,E06,fabrication,parsed_declared_codes
HR-1032,36216658,aliyun/qwen3.7-max,random_10pct,no_error,no_error,no,0,,,explicit_no_code
HR-1033,41935111,aliyun/kimi-k2.6,random_10pct,no_error,no_error,no,0,,,explicit_no_code
HR-1034,27764169,aliyun/qwen3.7-max,random_10pct,no_error,no_error,no,0,,,explicit_no_code
HR-1035,24582071,aliyun/deepseek-v4-pro,random_10pct,no_error,no_error,no,0,,,explicit_no_code
HR-1036,28846806,aliyun/glm-5.2,random_10pct,strict_contract_error,no_error,no,0,,,explicit_no_code
HR-1037,17543781,aliyun/qwen3.7-max,random_10pct,no_error,no_error,no,0,,,explicit_no_code
HR-1038,40876064,aliyun/deepseek-v4-flash,random_10pct,strict_contract_error,no_error,no,0,,,explicit_no_code
HR-1039,24170759,aliyun/kimi-k2.6,random_10pct,strict_contract_error,strict_contract_error,yes,3,E05,omission,parsed_declared_codes
HR-1040,17499864,aliyun/deepseek-v4-flash,census_sev_ge3,strict_contract_error,strict_contract_error,yes,3,"E04,E07,E08",,parsed_declared_codes
HR-1041,23521170,aliyun/deepseek-v4-flash,random_10pct,strict_contract_error,strict_contract_error,yes,1,E05,omission,parsed_declared_codes
HR-1042,16944256,aliyun/deepseek-v4-pro,census_sev_ge3,strict_contract_error,no_error,no,0,,,explicit_no_code
HR-1043,40289329,aliyun/glm-5.2,random_10pct,no_error,no_error,no,0,,,explicit_no_code
HR-1044,20971741,aliyun/qwen3.8-max,random_10pct,no_error,no_error,no,0,,,explicit_no_code
HR-1045,38165333,aliyun/deepseek-v4-pro,census_sev_ge3,strict_contract_error,strict_contract_error,no,1,E05,,parsed_declared_codes
HR-1046,39817972,aliyun/qwen3.8-max,random_10pct,no_error,no_error,no,0,,,explicit_no_code
HR-1047,25937001,aliyun/glm-5.2,random_10pct,no_error,no_error,no,0,,,explicit_no_code
HR-1048,27187608,aliyun/glm-5.2,random_10pct,no_error,no_error,no,0,,,explicit_no_code
HR-1049,19336266,aliyun/deepseek-v4-pro,census_sev_ge3,strict_contract_error,strict_contract_error,yes,2,E06,fabrication,parsed_declared_codes
HR-1050,20884422,aliyun/glm-5.2,random_10pct,no_error,no_error,no,0,,,explicit_no_code
HR-1051,28420205,aliyun/qwen3.8-max,random_10pct,no_error,no_error,no,0,,,explicit_no_code
HR-1052,21070297,aliyun/deepseek-v4-pro,random_10pct,no_error,no_error,no,0,,,explicit_no_code
HR-1053,20356594,aliyun/qwen3.7-max,random_10pct,no_error,no_error,no,0,,,explicit_no_code
HR-1054,23861950,aliyun/qwen3.8-max,random_10pct,strict_contract_error,no_error,no,0,,,explicit_no_code
HR-1055,24748471,aliyun/qwen3.7-max,random_10pct,strict_contract_error,strict_contract_error,no,1,E08,alteration,parsed_declared_codes
HR-1056,26967543,aliyun/deepseek-v4-pro,random_10pct,strict_contract_error,no_error,no,0,,,explicit_no_code
HR-1057,22365136,aliyun/deepseek-v4-flash,random_10pct,no_error,no_error,no,0,,,explicit_no_code
HR-1058,21277108,aliyun/deepseek-v4-flash,random_10pct,no_error,no_error,no,0,,,explicit_no_code
HR-1059,18947437,aliyun/qwen3.7-max,random_10pct,no_error,no_error,no,0,,,explicit_no_code
HR-1060,26661163,aliyun/qwen3.7-max,random_10pct,strict_contract_error,strict_contract_error,no,1,E06,fabrication,parsed_declared_codes
HR-1061,32698860,aliyun/kimi-k2.6,random_10pct,strict_contract_error,strict_contract_error,yes,2,E05,omission,parsed_declared_codes
HR-1062,22924306,aliyun/qwen3.8-max,random_10pct,no_error,no_error,no,0,,,explicit_no_code
HR-1063,22666007,aliyun/kimi-k2.6,random_10pct,no_error,no_error,no,0,,,explicit_no_code
HR-1064,16533938,aliyun/deepseek-v4-pro,random_10pct,strict_contract_error,strict_contract_error,yes,1,E05,omission,parsed_declared_codes
HR-1065,24008607,aliyun/qwen3.7-max,random_10pct,strict_contract_error,no_error,no,0,,,explicit_no_code
HR-1066,32102641,aliyun/qwen3.7-max,random_10pct,strict_contract_error,no_error,no,0,,,explicit_no_code
HR-1067,22900702,aliyun/kimi-k2.6,random_10pct,no_error,no_error,no,0,,,explicit_no_code
HR-1068,34932136,aliyun/qwen3.8-max,random_10pct,no_error,no_error,no,0,,,explicit_no_code
HR-1069,21289521,aliyun/deepseek-v4-pro,census_sev_ge3,strict_contract_error,strict_contract_error,no,1,,,unparsed_original_text_omitted
HR-1070,18710472,aliyun/deepseek-v4-pro,random_10pct,no_error,strict_contract_error,yes,1,E05,omission,parsed_declared_codes
HR-1071,39854039,aliyun/qwen3.8-max,random_10pct,strict_contract_error,strict_contract_error,no,1,E06,fabrication,parsed_declared_codes
HR-1072,34952630,aliyun/kimi-k2.6,random_10pct,strict_contract_error,no_error,no,0,,,explicit_no_code
HR-1073,17050115,aliyun/kimi-k2.6,random_10pct,no_error,no_error,no,0,,,explicit_no_code
HR-1074,23437959,aliyun/kimi-k2.6,random_10pct,no_error,no_error,no,0,,,explicit_no_code
HR-1075,25585851,aliyun/qwen3.7-max,random_10pct,strict_contract_error,strict_contract_error,no,1,E05,omission,parsed_declared_codes
HR-1076,17543781,aliyun/qwen3.8-max,random_10pct,no_error,no_error,no,0,,,explicit_no_code
HR-1077,30964905,aliyun/deepseek-v4-pro,random_10pct,strict_contract_error,strict_contract_error,no,1,E07,alteration,parsed_declared_codes
HR-1078,21112921,aliyun/deepseek-v4-pro,random_10pct,no_error,no_error,no,0,,,explicit_no_code
HR-1079,31216539,aliyun/kimi-k2.6,random_10pct,strict_contract_error,strict_contract_error,yes,2,E05,omission,parsed_declared_codes
HR-1080,24876454,aliyun/glm-5.2,random_10pct,no_error,no_error,no,0,,,explicit_no_code
HR-1081,21192190,aliyun/deepseek-v4-flash,random_10pct,strict_contract_error,strict_contract_error,no,1,E06,fabrication,parsed_declared_codes
HR-1082,23208465,aliyun/kimi-k2.6,random_10pct,strict_contract_error,strict_contract_error,no,1,E06,fabrication,parsed_declared_codes
HR-1083,21046025,aliyun/qwen3.7-max,random_10pct,no_error,no_error,no,0,,,explicit_no_code
HR-1084,28003569,aliyun/glm-5.2,random_10pct,no_error,no_error,no,0,,,explicit_no_code
HR-1085,32575441,aliyun/kimi-k2.6,random_10pct,strict_contract_error,no_error,no,0,,,explicit_no_code
HR-1086,30983505,aliyun/deepseek-v4-flash,random_10pct,strict_contract_error,strict_contract_error,yes,2,E06,fabrication,parsed_declared_codes
HR-1087,21147107,aliyun/kimi-k2.6,random_10pct,no_error,no_error,no,0,,,explicit_no_code
HR-1088,26342550,aliyun/deepseek-v4-flash,random_10pct,strict_contract_error,no_error,no,0,,,explicit_no_code
HR-1089,22108858,aliyun/kimi-k2.6,random_10pct,no_error,no_error,no,0,,,explicit_no_code
HR-1090,36053809,aliyun/qwen3.7-max,random_10pct,strict_contract_error,no_error,no,0,,,explicit_no_code
HR-1091,34560136,aliyun/kimi-k2.6,census_sev_ge3,strict_contract_error,no_error,no,0,,,explicit_no_code
HR-1092,37057787,aliyun/glm-5.2,random_10pct,strict_contract_error,strict_contract_error,no,1,E06,fabrication,parsed_declared_codes
HR-1093,39191087,aliyun/deepseek-v4-pro,random_10pct,strict_contract_error,strict_contract_error,no,1,E05,omission,parsed_declared_codes
HR-1094,16912021,aliyun/kimi-k2.6,random_10pct,no_error,strict_contract_error,no,1,E05,omission,parsed_declared_codes
HR-1095,36440921,aliyun/glm-5.2,random_10pct,no_error,no_error,no,0,,,explicit_no_code
HR-1096,41127367,aliyun/deepseek-v4-flash,random_10pct,strict_contract_error,strict_contract_error,yes,2,E05,omission,parsed_declared_codes
HR-1097,23285232,aliyun/deepseek-v4-flash,random_10pct,strict_contract_error,no_error,no,0,,,explicit_no_code
HR-1098,41492129,aliyun/deepseek-v4-pro,random_10pct,strict_contract_error,strict_contract_error,no,1,E06,fabrication,parsed_declared_codes
HR-1099,32521877,aliyun/deepseek-v4-pro,random_10pct,no_error,no_error,no,0,,,explicit_no_code
HR-1100,26996814,aliyun/deepseek-v4-pro,random_10pct,strict_contract_error,strict_contract_error,yes,1,E05,omission,parsed_declared_codes
HR-1101,24170759,aliyun/deepseek-v4-pro,random_10pct,no_error,no_error,no,0,,,explicit_no_code
HR-1102,18971549,aliyun/kimi-k2.6,random_10pct,strict_contract_error,no_error,no,0,,,explicit_no_code
HR-1103,30554960,aliyun/deepseek-v4-pro,random_10pct,no_error,no_error,no,0,,,explicit_no_code
HR-1104,33097320,aliyun/kimi-k2.6,random_10pct,no_error,no_error,no,0,,,explicit_no_code
HR-1105,21079397,aliyun/glm-5.2,random_10pct,strict_contract_error,no_error,no,0,,,explicit_no_code
HR-1106,20056225,aliyun/kimi-k2.6,random_10pct,no_error,no_error,no,0,,,explicit_no_code
HR-1107,23163825,aliyun/glm-5.2,random_10pct,no_error,no_error,no,0,,,explicit_no_code
HR-1108,39813066,aliyun/glm-5.2,random_10pct,no_error,no_error,no,0,,,explicit_no_code
HR-1109,25128441,aliyun/glm-5.2,random_10pct,no_error,no_error,no,0,,,explicit_no_code
HR-1110,19425875,aliyun/glm-5.2,random_10pct,no_error,no_error,no,0,,,explicit_no_code
HR-1111,24505094,aliyun/kimi-k2.6,random_10pct,strict_contract_error,no_error,no,0,,,explicit_no_code
HR-1112,22924306,aliyun/deepseek-v4-pro,random_10pct,strict_contract_error,no_error,no,0,,,explicit_no_code
HR-1113,34952630,aliyun/qwen3.7-max,random_10pct,strict_contract_error,strict_contract_error,no,1,E06,fabrication,parsed_declared_codes
HR-1114,41770552,aliyun/deepseek-v4-flash,random_10pct,strict_contract_error,no_error,no,0,,,explicit_no_code
HR-1115,24040114,aliyun/qwen3.8-max,random_10pct,no_error,no_error,no,0,,,explicit_no_code
HR-1116,17067329,aliyun/deepseek-v4-flash,census_sev_ge3,strict_contract_error,strict_contract_error,yes,2,E06,,parsed_declared_codes
HR-1117,40781908,aliyun/deepseek-v4-pro,random_10pct,no_error,no_error,no,0,,,explicit_no_code
HR-1118,30964905,aliyun/qwen3.8-max,random_10pct,strict_contract_error,strict_contract_error,no,1,E06,fabrication,parsed_declared_codes
HR-1119,20675955,aliyun/glm-5.2,random_10pct,no_error,no_error,no,0,,,explicit_no_code
HR-1120,26044158,aliyun/glm-5.2,random_10pct,no_error,no_error,no,0,,,explicit_no_code
HR-1121,38182332,aliyun/deepseek-v4-flash,random_10pct,no_error,strict_contract_error,yes,1,E05,omission,parsed_declared_codes
HR-1122,23520170,aliyun/qwen3.8-max,census_sev_ge3,strict_contract_error,no_error,no,0,,,explicit_no_code
HR-1123,42126929,aliyun/glm-5.2,random_10pct,strict_contract_error,strict_contract_error,no,1,E07,alteration,parsed_declared_codes
HR-1124,30359979,aliyun/qwen3.8-max,random_10pct,no_error,no_error,no,0,,,explicit_no_code
HR-1125,20675955,aliyun/qwen3.7-max,random_10pct,no_error,no_error,no,0,,,explicit_no_code
HR-1126,23006034,aliyun/deepseek-v4-pro,random_10pct,strict_contract_error,no_error,no,0,,,explicit_no_code
HR-1127,23305454,aliyun/qwen3.7-max,random_10pct,no_error,no_error,no,0,,,explicit_no_code
HR-1128,33197598,aliyun/glm-5.2,random_10pct,no_error,no_error,no,0,,,explicit_no_code
HR-1129,22796461,aliyun/deepseek-v4-flash,census_sev_ge3,strict_contract_error,strict_contract_error,yes,2,E06,fabrication,parsed_declared_codes
HR-1130,35595653,aliyun/qwen3.7-max,random_10pct,strict_contract_error,no_error,no,0,,,explicit_no_code
HR-1131,30371845,aliyun/qwen3.8-max,random_10pct,no_error,no_error,no,0,,,explicit_no_code
HR-1132,30973905,aliyun/deepseek-v4-flash,random_10pct,strict_contract_error,strict_contract_error,yes,2,E05,,parsed_declared_codes
HR-1133,23285232,aliyun/deepseek-v4-pro,random_10pct,strict_contract_error,no_error,no,0,,,explicit_no_code
HR-1134,23857958,aliyun/glm-5.2,random_10pct,strict_contract_error,no_error,no,0,,,explicit_no_code
HR-1135,36331151,aliyun/kimi-k2.6,random_10pct,no_error,no_error,no,0,,,explicit_no_code
HR-1136,25128745,aliyun/glm-5.2,random_10pct,strict_contract_error,no_error,no,0,,,explicit_no_code
HR-1137,24456363,aliyun/qwen3.8-max,random_10pct,strict_contract_error,no_error,no,0,,,explicit_no_code
HR-1138,19403734,aliyun/deepseek-v4-flash,census_sev_ge3,strict_contract_error,no_error,no,0,,,explicit_no_code
HR-1139,24448756,aliyun/glm-5.2,random_10pct,no_error,no_error,no,0,,,explicit_no_code
HR-1140,20424586,aliyun/deepseek-v4-pro,random_10pct,no_error,no_error,no,0,,,explicit_no_code
HR-1141,22968341,aliyun/deepseek-v4-flash,random_10pct,strict_contract_error,strict_contract_error,yes,2,E05,omission,parsed_declared_codes
HR-1142,16769384,aliyun/qwen3.8-max,random_10pct,no_error,no_error,no,0,,,explicit_no_code
HR-1143,37326573,aliyun/deepseek-v4-pro,census_sev_ge3,strict_contract_error,strict_contract_error,no,2,E06,fabrication,parsed_declared_codes
HR-1144,28185407,aliyun/deepseek-v4-pro,census_sev_ge3,strict_contract_error,no_error,no,0,,,explicit_no_code
HR-1145,23788756,aliyun/kimi-k2.6,random_10pct,no_error,no_error,no,0,,,explicit_no_code
HR-1146,33499376,aliyun/qwen3.7-max,random_10pct,strict_contract_error,no_error,no,0,,,explicit_no_code
HR-1147,36156470,aliyun/kimi-k2.6,census_sev_ge3,strict_contract_error,no_error,no,0,,,explicit_no_code
HR-1148,30012214,aliyun/qwen3.8-max,random_10pct,strict_contract_error,strict_contract_error,no,1,E06,fabrication,parsed_declared_codes
HR-1149,39817972,aliyun/deepseek-v4-flash,random_10pct,no_error,no_error,no,0,,,explicit_no_code
HR-1150,22329370,aliyun/kimi-k2.6,census_sev_ge3,strict_contract_error,strict_contract_error,yes,2,E09,,parsed_declared_codes
HR-1151,16830712,aliyun/glm-5.2,random_10pct,strict_contract_error,strict_contract_error,no,1,E06,fabrication,parsed_declared_codes
HR-1152,23131574,aliyun/deepseek-v4-flash,census_sev_ge3,strict_contract_error,strict_contract_error,yes,2,"E02,E05",,parsed_declared_codes
HR-1153,26730842,aliyun/qwen3.8-max,random_10pct,no_error,no_error,no,0,,,explicit_no_code
HR-1154,40616984,aliyun/kimi-k2.6,random_10pct,no_error,no_error,no,0,,,explicit_no_code
HR-1155,34134571,aliyun/kimi-k2.6,random_10pct,no_error,no_error,no,0,,,explicit_no_code
HR-1156,23594003,aliyun/kimi-k2.6,random_10pct,no_error,no_error,no,0,,,explicit_no_code
HR-1157,26064925,aliyun/deepseek-v4-flash,random_10pct,no_error,no_error,no,0,,,explicit_no_code
HR-1158,17446034,aliyun/deepseek-v4-flash,census_sev_ge3,strict_contract_error,strict_contract_error,yes,2,E08,alteration,parsed_declared_codes
HR-1159,18164182,aliyun/qwen3.8-max,random_10pct,no_error,no_error,no,0,,,explicit_no_code
HR-1160,39613527,aliyun/deepseek-v4-flash,random_10pct,no_error,strict_contract_error,no,1,E05,omission,parsed_declared_codes
HR-1161,23131574,aliyun/kimi-k2.6,census_sev_ge3,strict_contract_error,strict_contract_error,no,1,E09,alteration,parsed_declared_codes
HR-1162,26491273,aliyun/deepseek-v4-pro,random_10pct,no_error,no_error,no,0,,,explicit_no_code
HR-1163,33278392,aliyun/qwen3.7-max,random_10pct,no_error,no_error,no,0,,,explicit_no_code
HR-1164,34279727,aliyun/deepseek-v4-flash,random_10pct,strict_contract_error,strict_contract_error,no,1,E06,fabrication,parsed_declared_codes
HR-1165,37146193,aliyun/deepseek-v4-flash,random_10pct,strict_contract_error,strict_contract_error,no,1,E06,fabrication,parsed_declared_codes
HR-1166,32641110,aliyun/deepseek-v4-pro,census_sev_ge3,strict_contract_error,no_error,no,0,,,explicit_no_code
HR-1167,25939515,aliyun/qwen3.8-max,random_10pct,no_error,no_error,no,0,,,explicit_no_code
HR-1168,23040626,aliyun/deepseek-v4-flash,random_10pct,no_error,no_error,no,0,,,explicit_no_code
HR-1169,23638904,aliyun/qwen3.8-max,random_10pct,no_error,no_error,no,0,,,explicit_no_code
HR-1170,20732787,aliyun/deepseek-v4-flash,census_sev_ge3,strict_contract_error,strict_contract_error,yes,2,E07,alteration,parsed_declared_codes
HR-1171,21441130,aliyun/kimi-k2.6,random_10pct,no_error,no_error,no,0,,,explicit_no_code
HR-1172,18428144,aliyun/kimi-k2.6,census_sev_ge3,strict_contract_error,strict_contract_error,yes,2,E07,alteration,parsed_declared_codes
HR-1173,21555939,aliyun/deepseek-v4-pro,random_10pct,no_error,no_error,no,0,,,explicit_no_code
HR-1174,21399532,aliyun/qwen3.8-max,random_10pct,no_error,no_error,no,0,,,explicit_no_code
HR-1175,41120084,aliyun/kimi-k2.6,census_sev_ge3,strict_contract_error,strict_contract_error,yes,3,E02,alteration,parsed_declared_codes
HR-1176,42204710,aliyun/qwen3.8-max,random_10pct,strict_contract_error,strict_contract_error,no,1,E06,fabrication,parsed_declared_codes
HR-1177,35644747,aliyun/qwen3.8-max,random_10pct,no_error,no_error,no,0,,,explicit_no_code
HR-1178,20955266,aliyun/qwen3.8-max,random_10pct,no_error,no_error,no,0,,,explicit_no_code
HR-1179,25673251,aliyun/qwen3.8-max,random_10pct,no_error,no_error,no,0,,,explicit_no_code
HR-1180,20030530,aliyun/glm-5.2,random_10pct,strict_contract_error,no_error,no,0,,,explicit_no_code
HR-1181,41913103,aliyun/glm-5.2,random_10pct,strict_contract_error,no_error,no,0,,,explicit_no_code
HR-1182,28144840,aliyun/qwen3.8-max,census_sev_ge3,strict_contract_error,strict_contract_error,yes,2,E03,alteration,parsed_declared_codes
HR-1183,27241667,aliyun/deepseek-v4-flash,random_10pct,strict_contract_error,strict_contract_error,yes,2,E05,omission,parsed_declared_codes
HR-1184,35099112,aliyun/deepseek-v4-flash,random_10pct,strict_contract_error,no_error,no,0,,,explicit_no_code
HR-1185,26792024,aliyun/glm-5.2,random_10pct,strict_contract_error,no_error,no,0,,,explicit_no_code
HR-1186,37767795,aliyun/deepseek-v4-flash,random_10pct,no_error,no_error,no,0,,,explicit_no_code
HR-1187,31257215,aliyun/deepseek-v4-pro,random_10pct,strict_contract_error,strict_contract_error,no,1,"E05,E06","fabrication,omission",parsed_declared_codes
HR-1188,17027100,aliyun/deepseek-v4-pro,random_10pct,no_error,no_error,no,0,,,explicit_no_code
HR-1189,41975326,aliyun/qwen3.8-max,random_10pct,strict_contract_error,strict_contract_error,no,1,E06,fabrication,parsed_declared_codes
HR-1190,24470464,aliyun/glm-5.2,random_10pct,no_error,no_error,no,0,,,explicit_no_code
HR-1191,33775664,aliyun/kimi-k2.6,random_10pct,strict_contract_error,no_error,no,0,,,explicit_no_code
HR-1192,38413134,aliyun/kimi-k2.6,random_10pct,strict_contract_error,no_error,no,0,,,explicit_no_code
HR-1193,23952345,aliyun/deepseek-v4-flash,random_10pct,strict_contract_error,strict_contract_error,yes,1,"E05,E06","fabrication,omission",parsed_declared_codes
HR-1194,38117095,aliyun/qwen3.7-max,random_10pct,strict_contract_error,strict_contract_error,no,1,E06,fabrication,parsed_declared_codes
HR-1195,25818161,aliyun/qwen3.8-max,random_10pct,no_error,no_error,no,0,,,explicit_no_code
HR-1196,17033209,aliyun/deepseek-v4-flash,census_sev_ge3,strict_contract_error,strict_contract_error,no,2,E03,alteration,parsed_declared_codes
HR-1197,20884422,aliyun/qwen3.7-max,random_10pct,no_error,no_error,no,0,,,explicit_no_code
HR-1198,24504442,aliyun/deepseek-v4-pro,random_10pct,strict_contract_error,no_error,no,0,,,explicit_no_code
HR-1199,23459096,aliyun/deepseek-v4-flash,random_10pct,strict_contract_error,strict_contract_error,yes,2,E05,omission,parsed_declared_codes
HR-1200,38310735,aliyun/deepseek-v4-pro,random_10pct,no_error,no_error,no,0,,,explicit_no_code
HR-1201,27815418,aliyun/qwen3.8-max,random_10pct,strict_contract_error,no_error,no,0,,,explicit_no_code
HR-1202,33215855,aliyun/qwen3.7-max,random_10pct,no_error,no_error,no,0,,,explicit_no_code
HR-1203,42244119,aliyun/deepseek-v4-pro,random_10pct,strict_contract_error,no_error,no,0,,,explicit_no_code
HR-1204,40293460,aliyun/qwen3.8-max,random_10pct,no_error,no_error,no,0,,,explicit_no_code
HR-1205,34569768,aliyun/deepseek-v4-flash,random_10pct,strict_contract_error,strict_contract_error,no,1,"E06,E09","alteration,fabrication",parsed_declared_codes
HR-1206,21067014,aliyun/deepseek-v4-pro,random_10pct,strict_contract_error,no_error,no,0,,,explicit_no_code
HR-1207,22736635,aliyun/glm-5.2,random_10pct,no_error,no_error,no,0,,,explicit_no_code
HR-1208,34727006,aliyun/glm-5.2,random_10pct,strict_contract_error,no_error,no,0,,,explicit_no_code
HR-1209,31204518,aliyun/kimi-k2.6,random_10pct,strict_contract_error,strict_contract_error,no,2,E05,,parsed_declared_codes
HR-1210,38762324,aliyun/deepseek-v4-flash,random_10pct,strict_contract_error,strict_contract_error,no,1,"E06,E07","alteration,fabrication",parsed_declared_codes
HR-1211,33462622,aliyun/glm-5.2,random_10pct,strict_contract_error,strict_contract_error,no,1,E06,fabrication,parsed_declared_codes
HR-1212,23445569,aliyun/glm-5.2,random_10pct,no_error,strict_contract_error,yes,2,"E05,E06","fabrication,omission",parsed_declared_codes
HR-1213,31273018,aliyun/deepseek-v4-flash,random_10pct,strict_contract_error,no_error,no,0,,,explicit_no_code
HR-1214,33899644,aliyun/qwen3.8-max,random_10pct,no_error,no_error,no,0,,,explicit_no_code
HR-1215,41482572,aliyun/deepseek-v4-pro,random_10pct,strict_contract_error,no_error,no,0,,,explicit_no_code
HR-1216,25854413,aliyun/kimi-k2.6,random_10pct,strict_contract_error,no_error,no,0,,,explicit_no_code
HR-1217,36661429,aliyun/kimi-k2.6,random_10pct,no_error,no_error,no,0,,,explicit_no_code
HR-1218,18216764,aliyun/qwen3.7-max,random_10pct,strict_contract_error,strict_contract_error,no,1,E06,fabrication,parsed_declared_codes
HR-1219,38880699,aliyun/deepseek-v4-pro,random_10pct,no_error,no_error,no,0,,,explicit_no_code
HR-1220,24425143,aliyun/qwen3.8-max,random_10pct,no_error,no_error,no,0,,,explicit_no_code
HR-1221,18941890,aliyun/qwen3.7-max,random_10pct,no_error,strict_contract_error,yes,1,"E06,E08","alteration,fabrication",parsed_declared_codes
HR-1222,20047622,aliyun/kimi-k2.6,random_10pct,no_error,no_error,no,0,,,explicit_no_code
HR-1223,16932830,aliyun/glm-5.2,random_10pct,strict_contract_error,no_error,no,0,,,explicit_no_code
HR-1224,34543098,aliyun/qwen3.7-max,random_10pct,strict_contract_error,strict_contract_error,no,1,E06,fabrication,parsed_declared_codes
HR-1225,24140383,aliyun/deepseek-v4-pro,census_sev_ge3,strict_contract_error,strict_contract_error,yes,2,E06,fabrication,parsed_declared_codes
HR-1226,35022880,aliyun/qwen3.8-max,random_10pct,no_error,no_error,no,0,,,explicit_no_code
HR-1227,20031900,aliyun/qwen3.8-max,random_10pct,strict_contract_error,no_error,no,0,,,explicit_no_code
HR-1228,34037224,aliyun/kimi-k2.6,random_10pct,strict_contract_error,no_error,no,0,,,explicit_no_code
HR-1229,39982938,aliyun/kimi-k2.6,random_10pct,strict_contract_error,strict_contract_error,no,1,E06,fabrication,parsed_declared_codes
HR-1230,20971741,aliyun/glm-5.2,random_10pct,no_error,no_error,no,0,,,explicit_no_code
HR-1231,41121624,aliyun/deepseek-v4-flash,random_10pct,no_error,no_error,no,0,,,explicit_no_code
HR-1232,25194428,aliyun/deepseek-v4-flash,random_10pct,no_error,no_error,no,0,,,explicit_no_code
HR-1233,42025782,aliyun/qwen3.7-max,random_10pct,no_error,no_error,no,0,,,explicit_no_code
HR-1234,41604197,aliyun/deepseek-v4-flash,random_10pct,no_error,strict_contract_error,yes,1,E05,omission,parsed_declared_codes
HR-1235,39172128,aliyun/deepseek-v4-flash,random_10pct,strict_contract_error,strict_contract_error,yes,1,"E05,E06","fabrication,omission",parsed_declared_codes
HR-1236,42329735,aliyun/kimi-k2.6,random_10pct,strict_contract_error,no_error,no,0,,,explicit_no_code
HR-1237,42047198,aliyun/deepseek-v4-pro,random_10pct,strict_contract_error,no_error,no,0,,,explicit_no_code
HR-1238,16759989,aliyun/qwen3.7-max,random_10pct,no_error,no_error,no,0,,,explicit_no_code
HR-1239,34120843,aliyun/deepseek-v4-pro,random_10pct,strict_contract_error,strict_contract_error,no,1,E06,fabrication,parsed_declared_codes
HR-1240,17010741,aliyun/qwen3.7-max,random_10pct,no_error,no_error,no,0,,,explicit_no_code
HR-1241,33685807,aliyun/deepseek-v4-flash,random_10pct,no_error,no_error,no,0,,,explicit_no_code
HR-1242,16533938,aliyun/deepseek-v4-flash,random_10pct,no_error,strict_contract_error,yes,1,E05,omission,parsed_declared_codes
HR-1243,33628833,aliyun/glm-5.2,random_10pct,strict_contract_error,no_error,no,0,,,explicit_no_code
HR-1244,42459213,aliyun/glm-5.2,random_10pct,no_error,strict_contract_error,no,1,E03,alteration,parsed_declared_codes
HR-1245,17033209,aliyun/qwen3.8-max,census_sev_ge3,strict_contract_error,strict_contract_error,no,2,E02,,parsed_declared_codes
HR-1246,26259839,aliyun/deepseek-v4-flash,random_10pct,strict_contract_error,no_error,no,0,,,explicit_no_code
HR-1247,21289521,aliyun/deepseek-v4-flash,census_sev_ge3,strict_contract_error,strict_contract_error,no,1,E02,alteration,parsed_declared_codes
HR-1248,39834217,aliyun/glm-5.2,random_10pct,strict_contract_error,strict_contract_error,yes,1,E05,omission,parsed_declared_codes
HR-1249,20026784,aliyun/qwen3.8-max,random_10pct,no_error,strict_contract_error,no,1,E05,omission,parsed_declared_codes
HR-1250,23611640,aliyun/glm-5.2,random_10pct,strict_contract_error,strict_contract_error,no,1,E08,alteration,parsed_declared_codes
HR-1251,42512870,aliyun/glm-5.2,random_10pct,strict_contract_error,no_error,no,0,,,explicit_no_code
HR-1252,30971773,aliyun/glm-5.2,random_10pct,no_error,no_error,no,0,,,explicit_no_code
HR-1253,38308612,aliyun/glm-5.2,random_10pct,no_error,strict_contract_error,yes,1,"E06,E10","fabrication,binding",parsed_declared_codes
HR-1254,20025646,aliyun/qwen3.7-max,random_10pct,strict_contract_error,no_error,no,0,,,explicit_no_code
HR-1255,32285478,aliyun/glm-5.2,random_10pct,no_error,no_error,no,0,,,explicit_no_code
HR-1256,24735134,aliyun/deepseek-v4-pro,random_10pct,strict_contract_error,strict_contract_error,no,1,E08,alteration,parsed_declared_codes
HR-1257,21115620,aliyun/glm-5.2,random_10pct,no_error,no_error,no,0,,,explicit_no_code
HR-1258,38310735,aliyun/qwen3.8-max,random_10pct,no_error,no_error,no,0,,,explicit_no_code
HR-1259,33833135,aliyun/glm-5.2,random_10pct,strict_contract_error,no_error,no,0,,,explicit_no_code
HR-1260,28733700,aliyun/qwen3.8-max,census_sev_ge3,strict_contract_error,no_error,no,0,,,explicit_no_code
HR-1261,18379355,aliyun/glm-5.2,random_10pct,strict_contract_error,strict_contract_error,no,1,"E03,E06","alteration,fabrication",parsed_declared_codes
HR-1262,21109910,aliyun/kimi-k2.6,random_10pct,no_error,no_error,no,0,,,explicit_no_code
HR-1263,17067329,aliyun/deepseek-v4-pro,census_sev_ge3,strict_contract_error,strict_contract_error,yes,2,E07,,parsed_declared_codes
HR-1264,42253110,aliyun/glm-5.2,random_10pct,no_error,no_error,no,0,,,explicit_no_code
HR-1265,27321438,aliyun/glm-5.2,random_10pct,strict_contract_error,no_error,no,0,,,explicit_no_code
HR-1266,21358413,aliyun/qwen3.7-max,random_10pct,strict_contract_error,no_error,no,0,,,explicit_no_code
HR-1267,18502303,aliyun/kimi-k2.6,random_10pct,no_error,no_error,no,0,,,explicit_no_code
HR-1268,16769384,aliyun/deepseek-v4-flash,random_10pct,strict_contract_error,no_error,no,0,,,explicit_no_code
HR-1269,29335781,aliyun/deepseek-v4-flash,random_10pct,strict_contract_error,strict_contract_error,no,1,E06,fabrication,parsed_declared_codes
HR-1270,16929084,aliyun/qwen3.8-max,random_10pct,no_error,strict_contract_error,no,1,"E03,E06","alteration,fabrication",parsed_declared_codes
HR-1271,33295926,aliyun/kimi-k2.6,random_10pct,strict_contract_error,no_error,no,0,,,explicit_no_code
HR-1272,24400991,aliyun/deepseek-v4-pro,random_10pct,no_error,no_error,no,0,,,explicit_no_code
HR-1273,42569357,aliyun/qwen3.7-max,random_10pct,strict_contract_error,strict_contract_error,no,1,E06,fabrication,parsed_declared_codes
HR-1274,27550386,aliyun/glm-5.2,random_10pct,strict_contract_error,no_error,no,0,,,explicit_no_code
HR-1275,37936510,aliyun/glm-5.2,random_10pct,strict_contract_error,no_error,no,0,,,explicit_no_code
HR-1276,18676352,aliyun/qwen3.7-max,random_10pct,no_error,no_error,no,0,,,explicit_no_code
HR-1277,20047622,aliyun/deepseek-v4-pro,random_10pct,no_error,no_error,no,0,,,explicit_no_code
HR-1278,35944871,aliyun/deepseek-v4-flash,census_sev_ge3,strict_contract_error,no_error,no,0,,,explicit_no_code
HR-1279,24793473,aliyun/kimi-k2.6,census_sev_ge3,strict_contract_error,strict_contract_error,yes,2,E07,alteration,parsed_declared_codes
HR-1280,21779787,aliyun/qwen3.8-max,random_10pct,strict_contract_error,no_error,no,0,,,explicit_no_code
HR-1281,32698860,aliyun/qwen3.7-max,random_10pct,strict_contract_error,no_error,no,0,,,explicit_no_code
HR-1282,28003569,aliyun/deepseek-v4-pro,random_10pct,strict_contract_error,strict_contract_error,no,1,E06,fabrication,parsed_declared_codes
HR-1283,18008179,aliyun/qwen3.8-max,census_sev_ge3,strict_contract_error,no_error,no,0,,,explicit_no_code
HR-1284,23039321,aliyun/qwen3.7-max,random_10pct,strict_contract_error,no_error,no,0,,,explicit_no_code
HR-1285,26998838,aliyun/deepseek-v4-flash,random_10pct,strict_contract_error,no_error,no,0,,,explicit_no_code
HR-1286,42253110,aliyun/deepseek-v4-flash,census_sev_ge3,strict_contract_error,strict_contract_error,yes,2,E09,alteration,parsed_declared_codes
HR-1287,16944256,aliyun/kimi-k2.6,census_sev_ge3,strict_contract_error,strict_contract_error,yes,2,E04,alteration,parsed_declared_codes
HR-1288,16795068,aliyun/qwen3.7-max,random_10pct,strict_contract_error,strict_contract_error,yes,1,"E06,E10","fabrication,binding",parsed_declared_codes
HR-1289,40864980,aliyun/kimi-k2.6,random_10pct,no_error,no_error,no,0,,,explicit_no_code
HR-1290,20971212,aliyun/qwen3.7-max,random_10pct,strict_contract_error,strict_contract_error,yes,1,"E05,E06","fabrication,omission",parsed_declared_codes
HR-1291,19184304,aliyun/glm-5.2,random_10pct,no_error,no_error,no,0,,,explicit_no_code
HR-1292,35984124,aliyun/kimi-k2.6,random_10pct,no_error,no_error,no,0,,,explicit_no_code
HR-1293,18095747,aliyun/deepseek-v4-flash,census_sev_ge3,strict_contract_error,no_error,no,0,,,explicit_no_code
HR-1294,20682017,aliyun/qwen3.7-max,random_10pct,strict_contract_error,strict_contract_error,no,1,E06,fabrication,parsed_declared_codes
HR-1295,38693579,aliyun/glm-5.2,random_10pct,strict_contract_error,no_error,no,0,,,explicit_no_code
HR-1296,16760502,aliyun/glm-5.2,random_10pct,strict_contract_error,no_error,no,0,,,explicit_no_code
HR-1297,17691593,aliyun/qwen3.8-max,random_10pct,strict_contract_error,no_error,no,0,,,explicit_no_code
HR-1298,16549139,aliyun/qwen3.8-max,random_10pct,no_error,no_error,no,0,,,explicit_no_code
HR-1299,16826028,aliyun/deepseek-v4-flash,random_10pct,strict_contract_error,no_error,no,0,,,explicit_no_code
HR-1300,16908309,aliyun/kimi-k2.6,random_10pct,no_error,no_error,no,0,,,explicit_no_code
HR-1301,16830712,aliyun/qwen3.7-max,random_10pct,strict_contract_error,strict_contract_error,yes,1,E03,alteration,parsed_declared_codes
HR-1302,29523652,aliyun/kimi-k2.6,random_10pct,no_error,no_error,no,0,,,explicit_no_code
HR-1303,21289521,aliyun/qwen3.7-max,census_sev_ge3,strict_contract_error,no_error,no,0,,,explicit_no_code
HR-1304,20624169,aliyun/deepseek-v4-flash,random_10pct,no_error,no_error,no,0,,,explicit_no_code
HR-1305,18979529,aliyun/kimi-k2.6,random_10pct,no_error,no_error,no,0,,,explicit_no_code
HR-1306,38747743,aliyun/glm-5.2,random_10pct,strict_contract_error,strict_contract_error,no,1,E06,fabrication,parsed_declared_codes
HR-1307,28944609,aliyun/qwen3.8-max,random_10pct,no_error,no_error,no,0,,,explicit_no_code
HR-1308,29210062,aliyun/qwen3.7-max,random_10pct,strict_contract_error,no_error,no,0,,,explicit_no_code
HR-1309,25937001,aliyun/deepseek-v4-flash,random_10pct,no_error,no_error,no,0,,,explicit_no_code
HR-1310,20959784,aliyun/deepseek-v4-pro,random_10pct,strict_contract_error,no_error,no,0,,,explicit_no_code
HR-1311,23137067,aliyun/deepseek-v4-flash,random_10pct,strict_contract_error,strict_contract_error,no,1,"E06,E10","fabrication,binding",parsed_declared_codes
HR-1312,30232687,aliyun/qwen3.8-max,random_10pct,no_error,no_error,no,0,,,explicit_no_code
HR-1313,35049140,aliyun/qwen3.7-max,random_10pct,no_error,strict_contract_error,no,1,E08,alteration,parsed_declared_codes
HR-1314,30395050,aliyun/deepseek-v4-flash,random_10pct,strict_contract_error,strict_contract_error,no,1,E10,binding,parsed_declared_codes
HR-1315,18250133,aliyun/qwen3.8-max,random_10pct,no_error,no_error,no,0,,,explicit_no_code
HR-1316,36503429,aliyun/kimi-k2.6,census_sev_ge3,strict_contract_error,no_error,no,0,,,explicit_no_code
HR-1317,33628833,aliyun/deepseek-v4-flash,random_10pct,no_error,strict_contract_error,no,1,E05,omission,parsed_declared_codes
HR-1318,32968008,aliyun/deepseek-v4-flash,random_10pct,no_error,no_error,no,0,,,explicit_no_code
HR-1319,20063421,aliyun/deepseek-v4-pro,census_sev_ge3,strict_contract_error,strict_contract_error,yes,3,E07,alteration,parsed_declared_codes
HR-1320,17536644,aliyun/glm-5.2,random_10pct,no_error,no_error,no,0,,,explicit_no_code
HR-1321,40434298,aliyun/deepseek-v4-flash,random_10pct,no_error,no_error,no,0,,,explicit_no_code
HR-1322,36216658,aliyun/deepseek-v4-pro,census_sev_ge3,strict_contract_error,strict_contract_error,yes,2,E05,omission,parsed_declared_codes
HR-1323,32641318,aliyun/kimi-k2.6,census_sev_ge3,strict_contract_error,strict_contract_error,no,1,E10,binding,parsed_declared_codes
HR-1324,33775664,aliyun/qwen3.7-max,random_10pct,strict_contract_error,no_error,no,0,,,explicit_no_code
HR-1325,33264366,aliyun/glm-5.2,random_10pct,no_error,no_error,no,0,,,explicit_no_code
HR-1326,26621039,aliyun/deepseek-v4-flash,census_sev_ge3,strict_contract_error,strict_contract_error,yes,2,E05,omission,parsed_declared_codes
HR-1327,19318138,aliyun/qwen3.8-max,random_10pct,no_error,no_error,no,0,,,explicit_no_code
HR-1328,36376325,aliyun/deepseek-v4-pro,random_10pct,no_error,no_error,no,0,,,explicit_no_code
HR-1329,23139259,aliyun/qwen3.8-max,random_10pct,no_error,no_error,no,0,,,explicit_no_code
HR-1330,20715770,aliyun/glm-5.2,random_10pct,no_error,no_error,no,0,,,explicit_no_code
HR-1331,24748471,aliyun/glm-5.2,random_10pct,strict_contract_error,no_error,no,0,,,explicit_no_code
HR-1332,26004947,aliyun/deepseek-v4-flash,random_10pct,strict_contract_error,strict_contract_error,yes,2,E05,omission,parsed_declared_codes
HR-1333,31420365,aliyun/deepseek-v4-flash,random_10pct,no_error,no_error,no,0,,,explicit_no_code
HR-1334,40366126,aliyun/kimi-k2.6,random_10pct,no_error,no_error,no,0,,,explicit_no_code
HR-1335,28028293,aliyun/deepseek-v4-pro,random_10pct,no_error,no_error,no,0,,,explicit_no_code
HR-1336,18519175,aliyun/deepseek-v4-pro,random_10pct,strict_contract_error,strict_contract_error,yes,1,E05,omission,parsed_declared_codes
HR-1337,22701542,aliyun/glm-5.2,random_10pct,strict_contract_error,strict_contract_error,no,1,E03,alteration,parsed_declared_codes
HR-1338,34480935,aliyun/glm-5.2,random_10pct,no_error,no_error,no,0,,,explicit_no_code
HR-1339,22924306,aliyun/qwen3.7-max,random_10pct,strict_contract_error,strict_contract_error,no,1,E08,alteration,parsed_declared_codes
HR-1340,31248307,aliyun/deepseek-v4-pro,random_10pct,strict_contract_error,no_error,no,0,,,explicit_no_code
HR-1341,31652351,aliyun/qwen3.7-max,random_10pct,no_error,no_error,no,0,,,explicit_no_code
HR-1342,35191321,aliyun/deepseek-v4-flash,random_10pct,no_error,no_error,no,0,,,explicit_no_code
HR-1343,24624336,aliyun/deepseek-v4-pro,random_10pct,strict_contract_error,strict_contract_error,yes,2,E04,alteration,parsed_declared_codes
HR-1344,30722007,aliyun/qwen3.8-max,random_10pct,no_error,no_error,no,0,,,explicit_no_code
HR-1345,35915307,aliyun/kimi-k2.6,random_10pct,no_error,no_error,no,0,,,explicit_no_code
HR-1346,40082397,aliyun/qwen3.7-max,random_10pct,no_error,no_error,no,0,,,explicit_no_code
HR-1347,24470515,aliyun/kimi-k2.6,random_10pct,strict_contract_error,strict_contract_error,no,1,E05,omission,parsed_declared_codes
